-- phpMyAdmin SQL Dump
-- version 4.9.5
-- https://www.phpmyadmin.net/
--
-- Host: localhost:3309
-- Generation Time: Feb 11, 2022 at 11:44 PM
-- Server version: 5.7.24
-- PHP Version: 7.4.1

SET SQL_MODE = "NO_AUTO_VALUE_ON_ZERO";
SET AUTOCOMMIT = 0;
START TRANSACTION;
SET time_zone = "+00:00";


/*!40101 SET @OLD_CHARACTER_SET_CLIENT=@@CHARACTER_SET_CLIENT */;
/*!40101 SET @OLD_CHARACTER_SET_RESULTS=@@CHARACTER_SET_RESULTS */;
/*!40101 SET @OLD_COLLATION_CONNECTION=@@COLLATION_CONNECTION */;
/*!40101 SET NAMES utf8mb4 */;

--
-- Database: `students_management`
--

-- --------------------------------------------------------

--
-- Table structure for table `attendances`
--

CREATE TABLE `attendances` (
  `id` bigint(20) UNSIGNED NOT NULL,
  `student_id` bigint(20) UNSIGNED DEFAULT NULL,
  `attend` tinyint(1) NOT NULL,
  `day` date NOT NULL,
  `created_at` timestamp NULL DEFAULT NULL,
  `updated_at` timestamp NULL DEFAULT NULL
) ENGINE=InnoDB DEFAULT CHARSET=utf8mb4 COLLATE=utf8mb4_unicode_ci;

--
-- Dumping data for table `attendances`
--

INSERT INTO `attendances` (`id`, `student_id`, `attend`, `day`, `created_at`, `updated_at`) VALUES
(13, 6, 1, '2022-02-06', '2022-02-06 23:39:07', '2022-02-06 23:39:07'),
(14, 5, 1, '2022-02-06', '2022-02-06 23:39:07', '2022-02-06 23:39:07'),
(15, 3, 1, '2022-02-06', '2022-02-06 23:39:07', '2022-02-06 23:39:07'),
(16, 4, 1, '2022-02-06', '2022-02-06 23:39:07', '2022-02-06 23:39:07'),
(17, 9, 1, '2022-02-06', '2022-02-06 23:39:07', '2022-02-06 23:39:07'),
(18, 12, 1, '2022-02-06', '2022-02-06 23:39:07', '2022-02-06 23:39:07'),
(19, 10, 1, '2022-02-06', '2022-02-06 23:39:07', '2022-02-06 23:39:07'),
(20, 7, 1, '2022-02-06', '2022-02-06 23:39:07', '2022-02-06 23:39:07'),
(21, 8, 1, '2022-02-06', '2022-02-06 23:39:07', '2022-02-06 23:39:07'),
(22, 11, 1, '2022-02-06', '2022-02-06 23:39:07', '2022-02-06 23:39:07'),
(23, 15, 1, '2022-02-06', '2022-02-06 23:39:07', '2022-02-06 23:39:07'),
(24, 14, 1, '2022-02-06', '2022-02-06 23:39:07', '2022-02-06 23:39:07'),
(25, 20, 1, '2022-02-06', '2022-02-06 23:39:07', '2022-02-06 23:39:07'),
(26, 21, 1, '2022-02-06', '2022-02-06 23:39:07', '2022-02-06 23:39:07'),
(27, 18, 1, '2022-02-06', '2022-02-06 23:39:07', '2022-02-06 23:39:07'),
(28, 19, 1, '2022-02-06', '2022-02-06 23:39:07', '2022-02-06 23:39:07'),
(29, 17, 1, '2022-02-06', '2022-02-06 23:39:07', '2022-02-06 23:39:07'),
(30, 16, 1, '2022-02-06', '2022-02-06 23:39:07', '2022-02-06 23:39:07'),
(31, 13, 1, '2022-02-06', '2022-02-06 23:39:07', '2022-02-06 23:39:07'),
(32, 57, 1, '2022-02-06', '2022-02-06 23:39:07', '2022-02-06 23:39:07'),
(33, 56, 1, '2022-02-06', '2022-02-06 23:39:07', '2022-02-06 23:39:07'),
(34, 54, 1, '2022-02-06', '2022-02-06 23:39:07', '2022-02-06 23:39:07'),
(36, 3, 0, '2022-02-07', '2022-02-07 19:58:14', '2022-02-07 20:06:19'),
(37, 4, 0, '2022-02-07', '2022-02-07 19:58:14', '2022-02-07 20:06:19'),
(38, 5, 0, '2022-02-07', '2022-02-07 19:58:14', '2022-02-07 20:06:19'),
(39, 6, 0, '2022-02-07', '2022-02-07 19:58:14', '2022-02-07 20:06:19'),
(40, 7, 0, '2022-02-07', '2022-02-07 19:58:14', '2022-02-07 20:06:19'),
(41, 8, 0, '2022-02-07', '2022-02-07 19:58:14', '2022-02-07 20:06:19'),
(42, 9, 0, '2022-02-07', '2022-02-07 19:58:14', '2022-02-07 20:06:19'),
(43, 10, 0, '2022-02-07', '2022-02-07 19:58:14', '2022-02-07 20:06:19'),
(44, 11, 0, '2022-02-07', '2022-02-07 19:58:14', '2022-02-07 20:06:19'),
(45, 12, 0, '2022-02-07', '2022-02-07 19:58:14', '2022-02-07 20:06:19'),
(46, 13, 0, '2022-02-07', '2022-02-07 19:58:14', '2022-02-07 20:06:19'),
(47, 14, 0, '2022-02-07', '2022-02-07 19:58:14', '2022-02-07 20:06:19'),
(48, 15, 0, '2022-02-07', '2022-02-07 19:58:14', '2022-02-07 20:06:19'),
(49, 16, 0, '2022-02-07', '2022-02-07 19:58:14', '2022-02-07 20:06:20'),
(50, 17, 0, '2022-02-07', '2022-02-07 19:58:15', '2022-02-07 20:06:20'),
(51, 18, 0, '2022-02-07', '2022-02-07 19:58:15', '2022-02-07 20:06:20'),
(52, 19, 0, '2022-02-07', '2022-02-07 19:58:15', '2022-02-07 20:06:20'),
(53, 20, 0, '2022-02-07', '2022-02-07 19:58:15', '2022-02-07 20:06:20'),
(54, 21, 0, '2022-02-07', '2022-02-07 19:58:15', '2022-02-07 20:06:20'),
(55, 54, 0, '2022-02-07', '2022-02-07 19:58:15', '2022-02-07 20:06:20'),
(56, 55, 0, '2022-02-07', '2022-02-07 19:58:15', '2022-02-07 20:06:20'),
(57, 56, 0, '2022-02-07', '2022-02-07 19:58:15', '2022-02-07 20:06:20'),
(58, 57, 0, '2022-02-07', '2022-02-07 19:58:15', '2022-02-07 20:06:20'),
(59, 22, 0, '2022-02-07', '2022-02-07 19:58:15', '2022-02-07 20:06:20'),
(60, NULL, 0, '2022-02-07', '2022-02-07 19:58:15', '2022-02-07 20:06:20'),
(61, 24, 0, '2022-02-07', '2022-02-07 19:58:15', '2022-02-07 20:06:20'),
(62, 25, 0, '2022-02-07', '2022-02-07 19:58:15', '2022-02-07 20:06:20'),
(63, 26, 0, '2022-02-07', '2022-02-07 19:58:15', '2022-02-07 20:06:20'),
(64, 28, 0, '2022-02-07', '2022-02-07 19:58:15', '2022-02-07 20:06:20'),
(65, 29, 0, '2022-02-07', '2022-02-07 19:58:15', '2022-02-07 20:06:20'),
(66, 30, 0, '2022-02-07', '2022-02-07 19:58:15', '2022-02-07 20:06:21'),
(67, 31, 0, '2022-02-07', '2022-02-07 19:58:15', '2022-02-07 20:06:21'),
(68, 32, 0, '2022-02-07', '2022-02-07 19:58:15', '2022-02-07 20:06:21'),
(69, 33, 0, '2022-02-07', '2022-02-07 19:58:15', '2022-02-07 20:06:21'),
(70, 34, 0, '2022-02-07', '2022-02-07 19:58:16', '2022-02-07 20:06:21'),
(71, 35, 0, '2022-02-07', '2022-02-07 19:58:16', '2022-02-07 20:06:21'),
(72, 36, 0, '2022-02-07', '2022-02-07 19:58:16', '2022-02-07 20:06:21'),
(73, 37, 0, '2022-02-07', '2022-02-07 19:58:16', '2022-02-07 20:06:21'),
(74, 38, 0, '2022-02-07', '2022-02-07 19:58:16', '2022-02-07 20:06:21'),
(75, 39, 0, '2022-02-07', '2022-02-07 19:58:16', '2022-02-07 20:06:21'),
(76, 40, 0, '2022-02-07', '2022-02-07 19:58:16', '2022-02-07 20:06:21'),
(77, 41, 0, '2022-02-07', '2022-02-07 19:58:16', '2022-02-07 20:06:21'),
(78, 42, 0, '2022-02-07', '2022-02-07 19:58:16', '2022-02-07 20:06:21'),
(79, 43, 0, '2022-02-07', '2022-02-07 19:58:16', '2022-02-07 20:06:21'),
(80, 44, 0, '2022-02-07', '2022-02-07 19:58:16', '2022-02-07 20:06:21'),
(81, 45, 0, '2022-02-07', '2022-02-07 19:58:16', '2022-02-07 20:06:21'),
(82, 46, 0, '2022-02-07', '2022-02-07 19:58:16', '2022-02-07 20:06:21'),
(83, 47, 0, '2022-02-07', '2022-02-07 19:58:16', '2022-02-07 20:06:21'),
(84, 49, 0, '2022-02-07', '2022-02-07 19:58:16', '2022-02-07 20:06:21'),
(85, 59, 1, '2022-02-07', '2022-02-07 19:58:16', '2022-02-07 20:06:00'),
(86, 60, 1, '2022-02-07', '2022-02-07 19:58:16', '2022-02-07 20:06:00'),
(87, 61, 1, '2022-02-07', '2022-02-07 19:58:16', '2022-02-07 20:06:00'),
(88, 62, 1, '2022-02-07', '2022-02-07 19:58:16', '2022-02-07 20:06:00'),
(89, 63, 1, '2022-02-07', '2022-02-07 19:58:16', '2022-02-07 20:06:00'),
(90, NULL, 1, '2022-02-07', '2022-02-07 19:58:16', '2022-02-07 20:06:01'),
(91, 65, 1, '2022-02-07', '2022-02-07 19:58:16', '2022-02-07 20:06:01'),
(92, 66, 1, '2022-02-07', '2022-02-07 19:58:16', '2022-02-07 20:06:01'),
(93, 67, 1, '2022-02-07', '2022-02-07 19:58:16', '2022-02-07 20:06:01'),
(94, 68, 1, '2022-02-07', '2022-02-07 19:58:16', '2022-02-07 20:06:01'),
(95, 69, 1, '2022-02-07', '2022-02-07 19:58:16', '2022-02-07 20:06:01'),
(96, 70, 1, '2022-02-07', '2022-02-07 19:58:16', '2022-02-07 20:06:01'),
(97, 51, 0, '2022-02-07', '2022-02-07 19:58:16', '2022-02-07 20:06:22'),
(98, 71, 0, '2022-02-07', '2022-02-07 20:06:20', '2022-02-07 20:06:20'),
(99, 28, 1, '2022-02-09', '2022-02-09 17:49:06', '2022-02-09 18:12:44'),
(100, 25, 1, '2022-02-09', '2022-02-09 17:49:06', '2022-02-09 18:12:44'),
(101, 29, 1, '2022-02-09', '2022-02-09 17:49:06', '2022-02-09 18:12:44'),
(102, 24, 1, '2022-02-09', '2022-02-09 17:49:06', '2022-02-09 18:12:44'),
(103, 31, 1, '2022-02-09', '2022-02-09 17:49:06', '2022-02-09 18:12:44'),
(104, 30, 1, '2022-02-09', '2022-02-09 17:49:06', '2022-02-09 18:12:44'),
(105, 32, 1, '2022-02-09', '2022-02-09 17:49:06', '2022-02-09 18:12:44'),
(106, 33, 1, '2022-02-09', '2022-02-09 17:49:06', '2022-02-09 18:12:44'),
(107, 37, 1, '2022-02-09', '2022-02-09 17:49:06', '2022-02-09 18:12:44'),
(108, 46, 1, '2022-02-09', '2022-02-09 17:49:06', '2022-02-09 18:12:44'),
(109, 42, 1, '2022-02-09', '2022-02-09 17:49:06', '2022-02-09 18:12:44'),
(110, 48, 1, '2022-02-09', '2022-02-09 17:49:07', '2022-02-09 18:14:15'),
(111, 41, 1, '2022-02-09', '2022-02-09 17:49:07', '2022-02-09 18:12:44'),
(112, 43, 1, '2022-02-09', '2022-02-09 17:49:07', '2022-02-09 18:12:44'),
(113, 35, 1, '2022-02-09', '2022-02-09 17:49:07', '2022-02-09 18:12:44'),
(114, 36, 1, '2022-02-09', '2022-02-09 17:49:07', '2022-02-09 18:12:44'),
(115, 45, 1, '2022-02-09', '2022-02-09 17:49:07', '2022-02-09 18:12:44'),
(116, 40, 1, '2022-02-09', '2022-02-09 17:53:40', '2022-02-09 18:12:44'),
(117, 49, 1, '2022-02-09', '2022-02-09 17:53:40', '2022-02-09 18:12:44'),
(118, 47, 1, '2022-02-09', '2022-02-09 17:53:40', '2022-02-09 18:12:44'),
(119, 39, 1, '2022-02-09', '2022-02-09 17:53:40', '2022-02-09 18:12:44'),
(120, 34, 1, '2022-02-09', '2022-02-09 17:53:40', '2022-02-09 18:12:44'),
(121, 50, 1, '2022-02-09', '2022-02-09 17:53:40', '2022-02-09 17:53:40'),
(122, 44, 1, '2022-02-09', '2022-02-09 17:55:17', '2022-02-09 18:12:44'),
(123, 22, 0, '2022-02-09', '2022-02-09 18:12:44', '2022-02-09 18:15:47'),
(124, 26, 1, '2022-02-09', '2022-02-09 18:12:44', '2022-02-09 18:12:44'),
(125, 38, 0, '2022-02-09', '2022-02-09 18:12:44', '2022-02-09 18:15:48'),
(126, 83, 1, '2022-02-09', '2022-02-09 18:12:44', '2022-02-09 18:12:44'),
(127, 84, 1, '2022-02-09', '2022-02-09 18:12:44', '2022-02-09 18:12:44'),
(128, 85, 1, '2022-02-09', '2022-02-09 18:12:44', '2022-02-09 18:12:44'),
(129, 75, 0, '2022-02-09', '2022-02-09 18:15:48', '2022-02-09 18:15:48'),
(130, 76, 0, '2022-02-09', '2022-02-09 18:15:48', '2022-02-09 18:15:48'),
(131, 77, 0, '2022-02-09', '2022-02-09 18:15:48', '2022-02-09 18:15:48'),
(132, 78, 0, '2022-02-09', '2022-02-09 18:15:48', '2022-02-09 18:15:48'),
(133, 79, 0, '2022-02-09', '2022-02-09 18:15:48', '2022-02-09 18:15:48'),
(134, 80, 0, '2022-02-09', '2022-02-09 18:15:48', '2022-02-09 18:15:48'),
(135, 81, 0, '2022-02-09', '2022-02-09 18:15:48', '2022-02-09 18:15:48'),
(136, 82, 0, '2022-02-09', '2022-02-09 18:15:48', '2022-02-09 18:15:48'),
(137, 59, 0, '2022-02-09', '2022-02-09 18:15:48', '2022-02-09 18:15:48'),
(138, 60, 0, '2022-02-09', '2022-02-09 18:15:48', '2022-02-09 18:15:48'),
(139, 61, 0, '2022-02-09', '2022-02-09 18:15:48', '2022-02-09 18:15:48'),
(140, 62, 0, '2022-02-09', '2022-02-09 18:15:48', '2022-02-09 18:15:48'),
(141, 63, 0, '2022-02-09', '2022-02-09 18:15:48', '2022-02-09 18:15:48'),
(142, NULL, 0, '2022-02-09', '2022-02-09 18:15:48', '2022-02-09 18:15:48'),
(143, 65, 0, '2022-02-09', '2022-02-09 18:15:48', '2022-02-09 18:15:48'),
(144, 66, 0, '2022-02-09', '2022-02-09 18:15:48', '2022-02-09 18:15:48'),
(145, 67, 0, '2022-02-09', '2022-02-09 18:15:48', '2022-02-09 18:15:48'),
(146, 68, 0, '2022-02-09', '2022-02-09 18:15:48', '2022-02-09 18:15:48'),
(147, 69, 0, '2022-02-09', '2022-02-09 18:15:48', '2022-02-09 18:15:48'),
(148, 70, 0, '2022-02-09', '2022-02-09 18:15:48', '2022-02-09 18:15:48'),
(149, 52, 1, '2022-02-09', '2022-02-09 20:09:14', '2022-02-09 20:09:14'),
(150, 74, 1, '2022-02-09', '2022-02-09 20:09:14', '2022-02-09 20:09:14'),
(151, 53, 1, '2022-02-09', '2022-02-09 20:09:14', '2022-02-09 20:09:14'),
(152, 72, 1, '2022-02-09', '2022-02-09 20:09:14', '2022-02-09 20:09:14'),
(153, 73, 1, '2022-02-09', '2022-02-09 20:09:14', '2022-02-09 20:09:14'),
(154, 9, 1, '2022-02-09', '2022-02-09 23:23:02', '2022-02-09 23:23:02'),
(155, 6, 1, '2022-02-09', '2022-02-09 23:23:02', '2022-02-09 23:23:02'),
(156, 5, 1, '2022-02-09', '2022-02-09 23:23:02', '2022-02-09 23:23:02'),
(157, 3, 1, '2022-02-09', '2022-02-09 23:23:02', '2022-02-09 23:23:02'),
(158, 4, 1, '2022-02-09', '2022-02-09 23:23:02', '2022-02-09 23:23:02'),
(159, 11, 1, '2022-02-09', '2022-02-09 23:23:02', '2022-02-09 23:23:02'),
(160, 10, 1, '2022-02-09', '2022-02-09 23:23:02', '2022-02-09 23:23:02'),
(161, 20, 1, '2022-02-09', '2022-02-09 23:23:02', '2022-02-09 23:23:02'),
(162, 21, 1, '2022-02-09', '2022-02-09 23:23:02', '2022-02-09 23:23:02'),
(163, 8, 1, '2022-02-09', '2022-02-09 23:23:02', '2022-02-09 23:23:02'),
(164, 17, 1, '2022-02-09', '2022-02-09 23:23:02', '2022-02-09 23:23:02'),
(165, 18, 1, '2022-02-09', '2022-02-09 23:23:02', '2022-02-09 23:23:02'),
(166, 19, 1, '2022-02-09', '2022-02-09 23:23:02', '2022-02-09 23:23:02'),
(167, 13, 1, '2022-02-09', '2022-02-09 23:23:02', '2022-02-09 23:23:02'),
(168, 7, 1, '2022-02-09', '2022-02-09 23:23:02', '2022-02-09 23:23:02'),
(169, 15, 1, '2022-02-09', '2022-02-09 23:23:02', '2022-02-09 23:23:02'),
(170, 14, 1, '2022-02-09', '2022-02-09 23:23:02', '2022-02-09 23:23:02'),
(171, 16, 1, '2022-02-09', '2022-02-09 23:23:02', '2022-02-09 23:23:02'),
(172, 87, 1, '2022-02-10', '2022-02-10 17:22:04', '2022-02-10 17:22:04'),
(173, 65, 1, '2022-02-10', '2022-02-10 17:22:04', '2022-02-10 17:22:04'),
(174, 66, 1, '2022-02-10', '2022-02-10 17:22:04', '2022-02-10 17:22:04'),
(175, 70, 1, '2022-02-10', '2022-02-10 17:22:04', '2022-02-10 17:22:04'),
(176, 69, 1, '2022-02-10', '2022-02-10 17:22:04', '2022-02-10 17:22:04'),
(177, 68, 1, '2022-02-10', '2022-02-10 17:22:04', '2022-02-10 17:22:04'),
(178, 89, 1, '2022-02-10', '2022-02-10 17:22:04', '2022-02-10 17:22:04'),
(179, 88, 1, '2022-02-10', '2022-02-10 17:22:04', '2022-02-10 17:22:04');

-- --------------------------------------------------------

--
-- Table structure for table `exams`
--

CREATE TABLE `exams` (
  `id` bigint(20) UNSIGNED NOT NULL,
  `name` varchar(255) COLLATE utf8mb4_unicode_ci NOT NULL,
  `level_id` bigint(20) UNSIGNED DEFAULT NULL,
  `group_id` bigint(20) UNSIGNED DEFAULT NULL,
  `exam_date` date NOT NULL,
  `exam_max` double(8,2) NOT NULL,
  `exam_min` double(8,2) NOT NULL,
  `created_at` timestamp NULL DEFAULT NULL,
  `updated_at` timestamp NULL DEFAULT NULL
) ENGINE=InnoDB DEFAULT CHARSET=utf8mb4 COLLATE=utf8mb4_unicode_ci;

--
-- Dumping data for table `exams`
--

INSERT INTO `exams` (`id`, `name`, `level_id`, `group_id`, `exam_date`, `exam_max`, `exam_min`, `created_at`, `updated_at`) VALUES
(1, 'البرهان الاستدلالي', 1, 1, '2022-02-02', 10.00, 5.00, '2022-02-06 23:22:09', '2022-02-06 23:22:09'),
(2, 'العامل المشترك الاكبر', 2, 1, '2022-02-05', 10.00, 5.00, '2022-02-09 17:26:07', '2022-02-09 17:26:07'),
(3, 'الضرب المتكرر في ن', 1, 1, '2022-02-09', 20.00, 10.00, '2022-02-09 23:08:37', '2022-02-09 23:08:37'),
(4, 'المصفوفات', 4, 1, '2022-02-10', 20.00, 10.00, '2022-02-10 17:22:57', '2022-02-10 17:22:57');

-- --------------------------------------------------------

--
-- Table structure for table `exam_attindances`
--

CREATE TABLE `exam_attindances` (
  `id` bigint(20) UNSIGNED NOT NULL,
  `student_id` bigint(20) UNSIGNED DEFAULT NULL,
  `exam_id` bigint(20) UNSIGNED DEFAULT NULL,
  `degree` double(8,2) NOT NULL,
  `created_at` timestamp NULL DEFAULT NULL,
  `updated_at` timestamp NULL DEFAULT NULL
) ENGINE=InnoDB DEFAULT CHARSET=utf8mb4 COLLATE=utf8mb4_unicode_ci;

--
-- Dumping data for table `exam_attindances`
--

INSERT INTO `exam_attindances` (`id`, `student_id`, `exam_id`, `degree`, `created_at`, `updated_at`) VALUES
(1, 6, 1, 9.00, '2022-02-06 23:22:55', '2022-02-06 23:22:55'),
(2, 5, 1, 10.00, '2022-02-06 23:24:17', '2022-02-06 23:24:17'),
(3, 3, 1, 0.00, '2022-02-06 23:24:35', '2022-02-06 23:24:35'),
(4, 4, 1, 0.00, '2022-02-06 23:25:01', '2022-02-06 23:25:01'),
(5, 4, 1, 0.00, '2022-02-06 23:25:02', '2022-02-06 23:25:02'),
(6, 9, 1, 10.00, '2022-02-06 23:25:53', '2022-02-06 23:25:53'),
(7, 12, 1, 10.00, '2022-02-06 23:26:28', '2022-02-06 23:26:28'),
(8, 55, 1, 10.00, '2022-02-06 23:26:52', '2022-02-06 23:26:52'),
(9, 7, 1, 10.00, '2022-02-06 23:27:22', '2022-02-06 23:27:22'),
(10, 8, 1, 8.00, '2022-02-06 23:27:51', '2022-02-06 23:27:51'),
(11, 11, 1, 10.00, '2022-02-06 23:28:11', '2022-02-06 23:28:11'),
(12, 15, 1, 10.00, '2022-02-06 23:29:17', '2022-02-06 23:29:17'),
(13, 14, 1, 10.00, '2022-02-06 23:29:52', '2022-02-06 23:29:52'),
(14, 20, 1, 10.00, '2022-02-06 23:30:27', '2022-02-06 23:30:27'),
(15, 21, 1, 10.00, '2022-02-06 23:30:52', '2022-02-06 23:30:52'),
(16, 18, 1, 8.00, '2022-02-06 23:31:54', '2022-02-06 23:31:54'),
(17, 19, 1, 8.00, '2022-02-06 23:32:24', '2022-02-06 23:32:24'),
(18, 17, 1, 10.00, '2022-02-06 23:32:48', '2022-02-06 23:32:48'),
(19, 16, 1, 10.00, '2022-02-06 23:33:12', '2022-02-06 23:33:12'),
(20, 13, 1, 0.00, '2022-02-06 23:33:30', '2022-02-06 23:33:30'),
(21, 48, 2, 9.00, '2022-02-09 17:45:20', '2022-02-09 17:45:20'),
(22, 41, 2, 9.00, '2022-02-09 17:45:38', '2022-02-09 17:45:38'),
(23, 43, 2, 9.00, '2022-02-09 17:46:36', '2022-02-09 17:46:36'),
(24, 35, 2, 9.00, '2022-02-09 17:46:51', '2022-02-09 17:46:51'),
(25, 36, 2, 7.50, '2022-02-09 17:48:16', '2022-02-09 17:48:16'),
(26, 45, 2, 7.50, '2022-02-09 17:48:56', '2022-02-09 17:48:56'),
(27, 49, 2, 9.00, '2022-02-09 17:50:06', '2022-02-09 17:50:06'),
(28, 47, 2, 10.00, '2022-02-09 17:50:23', '2022-02-09 17:50:23'),
(29, 39, 2, 9.00, '2022-02-09 17:51:02', '2022-02-09 17:51:02'),
(30, 34, 2, 10.00, '2022-02-09 17:51:30', '2022-02-09 17:51:30'),
(31, 50, 2, 8.00, '2022-02-09 17:52:57', '2022-02-09 17:52:57'),
(32, 44, 2, 9.00, '2022-02-09 17:55:04', '2022-02-09 17:55:04'),
(33, 9, 3, 15.00, '2022-02-09 23:09:30', '2022-02-09 23:09:30'),
(34, 6, 3, 16.00, '2022-02-09 23:11:06', '2022-02-09 23:11:06'),
(35, 5, 3, 17.00, '2022-02-09 23:11:34', '2022-02-09 23:11:34'),
(36, 3, 3, 3.00, '2022-02-09 23:12:20', '2022-02-09 23:12:20'),
(37, 4, 3, 5.00, '2022-02-09 23:15:05', '2022-02-09 23:15:05'),
(38, 54, 3, 0.00, '2022-02-09 23:17:17', '2022-02-09 23:17:17'),
(39, 11, 3, 19.00, '2022-02-09 23:18:07', '2022-02-09 23:19:21'),
(40, 10, 3, 16.00, '2022-02-09 23:18:29', '2022-02-09 23:18:29'),
(41, 20, 3, 19.00, '2022-02-09 23:19:06', '2022-02-09 23:19:06'),
(42, 21, 3, 15.00, '2022-02-09 23:19:35', '2022-02-09 23:19:35'),
(43, 8, 3, 18.00, '2022-02-09 23:19:57', '2022-02-09 23:19:57'),
(44, 17, 3, 19.00, '2022-02-09 23:20:14', '2022-02-09 23:20:14'),
(45, 18, 3, 17.00, '2022-02-09 23:20:28', '2022-02-09 23:20:28'),
(46, 19, 3, 19.00, '2022-02-09 23:20:43', '2022-02-09 23:20:43'),
(47, 13, 3, 15.00, '2022-02-09 23:21:09', '2022-02-09 23:21:09'),
(48, 7, 3, 19.00, '2022-02-09 23:21:25', '2022-02-09 23:21:25'),
(49, 15, 3, 19.00, '2022-02-09 23:22:09', '2022-02-09 23:22:09'),
(50, 14, 3, 19.00, '2022-02-09 23:22:22', '2022-02-09 23:22:22'),
(51, 16, 3, 20.00, '2022-02-09 23:22:43', '2022-02-09 23:22:43'),
(52, 87, 4, 19.00, '2022-02-10 17:23:59', '2022-02-10 17:23:59');

-- --------------------------------------------------------

--
-- Table structure for table `expences`
--

CREATE TABLE `expences` (
  `id` bigint(20) UNSIGNED NOT NULL,
  `name` varchar(255) COLLATE utf8mb4_unicode_ci NOT NULL,
  `reason` varchar(255) COLLATE utf8mb4_unicode_ci DEFAULT NULL,
  `amount` decimal(8,2) NOT NULL,
  `date` date DEFAULT NULL,
  `created_at` timestamp NULL DEFAULT NULL,
  `updated_at` timestamp NULL DEFAULT NULL
) ENGINE=InnoDB DEFAULT CHARSET=utf8mb4 COLLATE=utf8mb4_unicode_ci;

-- --------------------------------------------------------

--
-- Table structure for table `failed_jobs`
--

CREATE TABLE `failed_jobs` (
  `id` bigint(20) UNSIGNED NOT NULL,
  `uuid` varchar(255) COLLATE utf8mb4_unicode_ci NOT NULL,
  `connection` text COLLATE utf8mb4_unicode_ci NOT NULL,
  `queue` text COLLATE utf8mb4_unicode_ci NOT NULL,
  `payload` longtext COLLATE utf8mb4_unicode_ci NOT NULL,
  `exception` longtext COLLATE utf8mb4_unicode_ci NOT NULL,
  `failed_at` timestamp NOT NULL DEFAULT CURRENT_TIMESTAMP
) ENGINE=InnoDB DEFAULT CHARSET=utf8mb4 COLLATE=utf8mb4_unicode_ci;

-- --------------------------------------------------------

--
-- Table structure for table `groups`
--

CREATE TABLE `groups` (
  `id` bigint(20) UNSIGNED NOT NULL,
  `name` varchar(255) COLLATE utf8mb4_unicode_ci NOT NULL,
  `level_id` bigint(20) UNSIGNED DEFAULT NULL,
  `time_id` bigint(20) UNSIGNED DEFAULT NULL,
  `created_at` timestamp NULL DEFAULT NULL,
  `updated_at` timestamp NULL DEFAULT NULL
) ENGINE=InnoDB DEFAULT CHARSET=utf8mb4 COLLATE=utf8mb4_unicode_ci;

--
-- Dumping data for table `groups`
--

INSERT INTO `groups` (`id`, `name`, `level_id`, `time_id`, `created_at`, `updated_at`) VALUES
(1, 'مجموعة أريمون', 1, 1, '2022-02-02 00:19:23', '2022-02-02 00:19:23'),
(2, 'مجموعة أريمون', 2, 4, '2022-02-02 00:19:38', '2022-02-02 00:19:38'),
(3, 'مجموعة أريمون', 3, 2, '2022-02-02 00:19:46', '2022-02-02 00:19:46'),
(5, 'مجموعة أريمون', 4, 5, '2022-02-02 00:22:18', '2022-02-02 00:22:18'),
(7, 'مجموعة اريمون', 5, 7, '2022-02-08 20:28:44', '2022-02-08 20:28:44'),
(8, 'مجموعة اريمون', 6, 8, '2022-02-08 20:30:16', '2022-02-08 20:30:16');

-- --------------------------------------------------------

--
-- Table structure for table `homework`
--

CREATE TABLE `homework` (
  `id` bigint(20) UNSIGNED NOT NULL,
  `name` varchar(255) COLLATE utf8mb4_unicode_ci NOT NULL,
  `level_id` bigint(20) UNSIGNED DEFAULT NULL,
  `group_id` bigint(20) UNSIGNED DEFAULT NULL,
  `deadline` date NOT NULL,
  `created_at` timestamp NULL DEFAULT NULL,
  `updated_at` timestamp NULL DEFAULT NULL
) ENGINE=InnoDB DEFAULT CHARSET=utf8mb4 COLLATE=utf8mb4_unicode_ci;

-- --------------------------------------------------------

--
-- Table structure for table `homework_solutions`
--

CREATE TABLE `homework_solutions` (
  `id` bigint(20) UNSIGNED NOT NULL,
  `student_id` bigint(20) UNSIGNED DEFAULT NULL,
  `homework_id` bigint(20) UNSIGNED DEFAULT NULL,
  `solved` tinyint(1) NOT NULL DEFAULT '0',
  `solved_at` date NOT NULL,
  `created_at` timestamp NULL DEFAULT NULL,
  `updated_at` timestamp NULL DEFAULT NULL
) ENGINE=InnoDB DEFAULT CHARSET=utf8mb4 COLLATE=utf8mb4_unicode_ci;

-- --------------------------------------------------------

--
-- Table structure for table `levels`
--

CREATE TABLE `levels` (
  `id` bigint(20) UNSIGNED NOT NULL,
  `name` varchar(255) COLLATE utf8mb4_unicode_ci NOT NULL,
  `malazem_cost` decimal(8,2) NOT NULL,
  `month_cost` decimal(8,2) NOT NULL,
  `created_at` timestamp NULL DEFAULT NULL,
  `updated_at` timestamp NULL DEFAULT NULL
) ENGINE=InnoDB DEFAULT CHARSET=utf8mb4 COLLATE=utf8mb4_unicode_ci;

--
-- Dumping data for table `levels`
--

INSERT INTO `levels` (`id`, `name`, `malazem_cost`, `month_cost`, `created_at`, `updated_at`) VALUES
(1, 'الصف الأول الاعدادي', '70.00', '50.00', '2022-02-02 00:02:46', '2022-02-02 00:02:46'),
(2, 'الصف الثاني الاعدادي', '70.00', '60.00', '2022-02-02 00:03:18', '2022-02-02 00:03:18'),
(3, 'الصف الثالث الاعدادي', '70.00', '70.00', '2022-02-02 00:11:19', '2022-02-02 00:11:19'),
(4, 'الصف الأول الثانوي', '100.00', '100.00', '2022-02-02 00:11:39', '2022-02-02 00:11:39'),
(5, 'الصف الثاني الثانوي (أدبي)', '100.00', '100.00', '2022-02-02 00:12:18', '2022-02-02 00:12:18'),
(6, 'الصف الثاني الثانوي (العلمي)', '100.00', '160.00', '2022-02-02 00:12:39', '2022-02-02 00:12:39');

-- --------------------------------------------------------

--
-- Table structure for table `migrations`
--

CREATE TABLE `migrations` (
  `id` int(10) UNSIGNED NOT NULL,
  `migration` varchar(255) COLLATE utf8mb4_unicode_ci NOT NULL,
  `batch` int(11) NOT NULL
) ENGINE=InnoDB DEFAULT CHARSET=utf8mb4 COLLATE=utf8mb4_unicode_ci;

--
-- Dumping data for table `migrations`
--

INSERT INTO `migrations` (`id`, `migration`, `batch`) VALUES
(1, '2014_10_12_000000_create_users_table', 1),
(2, '2014_10_12_100000_create_password_resets_table', 1),
(3, '2019_08_19_000000_create_failed_jobs_table', 1),
(4, '2019_12_14_000001_create_personal_access_tokens_table', 1),
(5, '2021_12_19_185654_create_levels_table', 1),
(6, '2021_12_19_185911_create_times_table', 1),
(7, '2021_12_19_190116_create_groups_table', 1),
(8, '2021_12_19_190833_create_exams_table', 1),
(9, '2021_12_19_191642_create_students_table', 1),
(10, '2021_12_19_194334_create_notes_table', 1),
(11, '2021_12_19_194628_create_payments_table', 1),
(12, '2021_12_19_200055_create_expences_table', 1),
(13, '2021_12_19_202449_create_attendances_table', 1),
(14, '2021_12_19_202625_create_exam_attindances_table', 1),
(15, '2021_12_19_204234_laratrust_setup_tables', 1),
(16, '2022_02_10_112813_create_homework_table', 2),
(17, '2022_02_10_113021_create_homework_solutions_table', 2);

-- --------------------------------------------------------

--
-- Table structure for table `notes`
--

CREATE TABLE `notes` (
  `id` bigint(20) UNSIGNED NOT NULL,
  `student_id` bigint(20) UNSIGNED DEFAULT NULL,
  `note` text COLLATE utf8mb4_unicode_ci NOT NULL,
  `created_at` timestamp NULL DEFAULT NULL,
  `updated_at` timestamp NULL DEFAULT NULL
) ENGINE=InnoDB DEFAULT CHARSET=utf8mb4 COLLATE=utf8mb4_unicode_ci;

--
-- Dumping data for table `notes`
--

INSERT INTO `notes` (`id`, `student_id`, `note`, `created_at`, `updated_at`) VALUES
(1, 57, 'تم تسليم المذكرة لحد مايدفع أخر الشهر - ولدته  كلمتني', '2022-02-09 23:13:25', '2022-02-09 23:13:25'),
(2, 54, 'تم تسليم المذكرة وسيتم دف الفلوس لاحقا', '2022-02-09 23:25:17', '2022-02-09 23:25:17');

-- --------------------------------------------------------

--
-- Table structure for table `password_resets`
--

CREATE TABLE `password_resets` (
  `email` varchar(255) COLLATE utf8mb4_unicode_ci NOT NULL,
  `token` varchar(255) COLLATE utf8mb4_unicode_ci NOT NULL,
  `created_at` timestamp NULL DEFAULT NULL
) ENGINE=InnoDB DEFAULT CHARSET=utf8mb4 COLLATE=utf8mb4_unicode_ci;

-- --------------------------------------------------------

--
-- Table structure for table `payments`
--

CREATE TABLE `payments` (
  `id` bigint(20) UNSIGNED NOT NULL,
  `pay_from` date NOT NULL,
  `pay_to` date NOT NULL,
  `month_paid` decimal(8,2) NOT NULL,
  `malazem_paid` decimal(8,2) NOT NULL,
  `discount` decimal(8,2) NOT NULL DEFAULT '0.00',
  `total` decimal(8,2) NOT NULL,
  `student_id` bigint(20) UNSIGNED DEFAULT NULL,
  `created_at` timestamp NULL DEFAULT NULL,
  `updated_at` timestamp NULL DEFAULT NULL
) ENGINE=InnoDB DEFAULT CHARSET=utf8mb4 COLLATE=utf8mb4_unicode_ci;

--
-- Dumping data for table `payments`
--

INSERT INTO `payments` (`id`, `pay_from`, `pay_to`, `month_paid`, `malazem_paid`, `discount`, `total`, `student_id`, `created_at`, `updated_at`) VALUES
(1, '2022-02-01', '2022-03-01', '50.00', '0.00', '0.00', '50.00', 4, '2022-02-02 21:04:00', '2022-02-02 21:04:00'),
(2, '2022-02-01', '2022-03-01', '60.00', '0.00', '0.00', '60.00', NULL, '2022-02-02 21:23:03', '2022-02-02 21:23:03');

-- --------------------------------------------------------

--
-- Table structure for table `permissions`
--

CREATE TABLE `permissions` (
  `id` bigint(20) UNSIGNED NOT NULL,
  `name` varchar(255) COLLATE utf8mb4_unicode_ci NOT NULL,
  `display_name` varchar(255) COLLATE utf8mb4_unicode_ci DEFAULT NULL,
  `description` varchar(255) COLLATE utf8mb4_unicode_ci DEFAULT NULL,
  `created_at` timestamp NULL DEFAULT NULL,
  `updated_at` timestamp NULL DEFAULT NULL
) ENGINE=InnoDB DEFAULT CHARSET=utf8mb4 COLLATE=utf8mb4_unicode_ci;

-- --------------------------------------------------------

--
-- Table structure for table `permission_role`
--

CREATE TABLE `permission_role` (
  `permission_id` bigint(20) UNSIGNED NOT NULL,
  `role_id` bigint(20) UNSIGNED NOT NULL
) ENGINE=InnoDB DEFAULT CHARSET=utf8mb4 COLLATE=utf8mb4_unicode_ci;

-- --------------------------------------------------------

--
-- Table structure for table `permission_user`
--

CREATE TABLE `permission_user` (
  `permission_id` bigint(20) UNSIGNED NOT NULL,
  `user_id` bigint(20) UNSIGNED NOT NULL,
  `user_type` varchar(255) COLLATE utf8mb4_unicode_ci NOT NULL
) ENGINE=InnoDB DEFAULT CHARSET=utf8mb4 COLLATE=utf8mb4_unicode_ci;

-- --------------------------------------------------------

--
-- Table structure for table `personal_access_tokens`
--

CREATE TABLE `personal_access_tokens` (
  `id` bigint(20) UNSIGNED NOT NULL,
  `tokenable_type` varchar(255) COLLATE utf8mb4_unicode_ci NOT NULL,
  `tokenable_id` bigint(20) UNSIGNED NOT NULL,
  `name` varchar(255) COLLATE utf8mb4_unicode_ci NOT NULL,
  `token` varchar(64) COLLATE utf8mb4_unicode_ci NOT NULL,
  `abilities` text COLLATE utf8mb4_unicode_ci,
  `last_used_at` timestamp NULL DEFAULT NULL,
  `created_at` timestamp NULL DEFAULT NULL,
  `updated_at` timestamp NULL DEFAULT NULL
) ENGINE=InnoDB DEFAULT CHARSET=utf8mb4 COLLATE=utf8mb4_unicode_ci;

-- --------------------------------------------------------

--
-- Table structure for table `roles`
--

CREATE TABLE `roles` (
  `id` bigint(20) UNSIGNED NOT NULL,
  `name` varchar(255) COLLATE utf8mb4_unicode_ci NOT NULL,
  `display_name` varchar(255) COLLATE utf8mb4_unicode_ci DEFAULT NULL,
  `description` varchar(255) COLLATE utf8mb4_unicode_ci DEFAULT NULL,
  `created_at` timestamp NULL DEFAULT NULL,
  `updated_at` timestamp NULL DEFAULT NULL
) ENGINE=InnoDB DEFAULT CHARSET=utf8mb4 COLLATE=utf8mb4_unicode_ci;

-- --------------------------------------------------------

--
-- Table structure for table `role_user`
--

CREATE TABLE `role_user` (
  `role_id` bigint(20) UNSIGNED NOT NULL,
  `user_id` bigint(20) UNSIGNED NOT NULL,
  `user_type` varchar(255) COLLATE utf8mb4_unicode_ci NOT NULL
) ENGINE=InnoDB DEFAULT CHARSET=utf8mb4 COLLATE=utf8mb4_unicode_ci;

-- --------------------------------------------------------

--
-- Table structure for table `students`
--

CREATE TABLE `students` (
  `id` bigint(20) UNSIGNED NOT NULL,
  `name` varchar(255) COLLATE utf8mb4_unicode_ci NOT NULL,
  `gender` tinyint(1) NOT NULL,
  `address` varchar(255) COLLATE utf8mb4_unicode_ci DEFAULT NULL,
  `home_phone` varchar(255) COLLATE utf8mb4_unicode_ci DEFAULT NULL,
  `phone` varchar(255) COLLATE utf8mb4_unicode_ci DEFAULT NULL,
  `image` varchar(255) COLLATE utf8mb4_unicode_ci DEFAULT NULL,
  `father_phone` varchar(255) COLLATE utf8mb4_unicode_ci DEFAULT NULL,
  `school` varchar(255) COLLATE utf8mb4_unicode_ci DEFAULT NULL,
  `status` enum('reserve','in','out','fired') COLLATE utf8mb4_unicode_ci NOT NULL,
  `reserve_paid` decimal(8,2) DEFAULT NULL,
  `level_id` bigint(20) UNSIGNED DEFAULT NULL,
  `group_id` bigint(20) UNSIGNED DEFAULT NULL,
  `created_at` timestamp NULL DEFAULT NULL,
  `updated_at` timestamp NULL DEFAULT NULL
) ENGINE=InnoDB DEFAULT CHARSET=utf8mb4 COLLATE=utf8mb4_unicode_ci;

--
-- Dumping data for table `students`
--

INSERT INTO `students` (`id`, `name`, `gender`, `address`, `home_phone`, `phone`, `image`, `father_phone`, `school`, `status`, `reserve_paid`, `level_id`, `group_id`, `created_at`, `updated_at`) VALUES
(3, 'عمار أشرف محمد رمضان', 1, NULL, NULL, NULL, NULL, '01010315623', NULL, 'reserve', '70.00', 1, 1, '2022-02-02 21:00:13', '2022-02-02 21:00:13'),
(4, 'أحمد محمد ممدوح', 1, NULL, NULL, NULL, NULL, '01228175008', NULL, 'reserve', '70.00', 1, 1, '2022-02-02 21:02:38', '2022-02-02 21:02:38'),
(5, 'زياد السيد صقر', 1, NULL, NULL, NULL, NULL, '1000639407', NULL, 'reserve', '70.00', 1, 1, '2022-02-02 21:05:39', '2022-02-02 21:05:39'),
(6, 'رياض خالد ياسين', 1, NULL, NULL, NULL, NULL, '01001796745', NULL, 'reserve', '70.00', 1, 1, '2022-02-02 21:07:28', '2022-02-02 21:07:28'),
(7, 'حنين عبد المنصف', 0, NULL, NULL, NULL, NULL, '01014638194', NULL, 'reserve', '70.00', 1, 1, '2022-02-02 21:08:33', '2022-02-02 21:08:33'),
(8, 'بسمة ياسر محمد', 0, NULL, NULL, NULL, NULL, '01022326727', NULL, 'reserve', '70.00', 1, 1, '2022-02-02 21:09:18', '2022-02-02 21:09:18'),
(9, 'ملك فتح الله علي', 0, NULL, NULL, NULL, NULL, '01022536168', NULL, 'reserve', '70.00', 1, 1, '2022-02-02 21:09:59', '2022-02-02 21:09:59'),
(10, 'نورهان مختار رضا', 0, NULL, NULL, NULL, NULL, '010220322695', NULL, 'reserve', '70.00', 1, 1, '2022-02-02 21:10:56', '2022-02-02 21:10:56'),
(11, 'شروق عماد عادل', 0, NULL, NULL, NULL, NULL, '01094480885', NULL, 'reserve', '0.00', 1, 1, '2022-02-02 21:11:35', '2022-02-02 21:11:35'),
(12, 'ندي وليد حسن', 0, NULL, NULL, NULL, NULL, '01005462516', NULL, 'reserve', '70.00', 1, 1, '2022-02-02 21:12:13', '2022-02-02 21:12:13'),
(13, 'وصال حسام الشناوي', 0, NULL, NULL, NULL, NULL, '01019701168', NULL, 'reserve', '0.00', 1, 1, '2022-02-02 21:12:49', '2022-02-02 21:12:49'),
(14, 'وسام أحمد السيد', 0, NULL, NULL, NULL, NULL, '01011564930', NULL, 'reserve', '70.00', 1, 1, '2022-02-02 21:13:21', '2022-02-02 21:13:21'),
(15, 'هنا محمد ابورية', 0, NULL, NULL, NULL, NULL, '01000203083', NULL, 'reserve', '70.00', 1, 1, '2022-02-02 21:14:16', '2022-02-02 21:14:16'),
(16, 'نورهان عبدالله عفيفي', 0, NULL, NULL, NULL, NULL, '01013399890', NULL, 'reserve', '70.00', 1, 1, '2022-02-02 21:14:46', '2022-02-02 21:14:46'),
(17, 'شيماء عزت علي زكير', 0, NULL, NULL, NULL, NULL, '01028906544', NULL, 'reserve', '0.00', 1, 1, '2022-02-02 21:15:24', '2022-02-02 21:15:24'),
(18, 'ملك معوض السنديوني', 0, NULL, NULL, NULL, NULL, '01016837934', NULL, 'reserve', '0.00', 1, 1, '2022-02-02 21:15:59', '2022-02-02 21:15:59'),
(19, 'منه حمادة عزت', 0, NULL, NULL, NULL, NULL, '01018556565', NULL, 'reserve', '70.00', 1, 1, '2022-02-02 21:17:14', '2022-02-02 21:17:14'),
(20, 'أميرة رضا علي', 0, NULL, NULL, NULL, NULL, '01027245508', NULL, 'reserve', '70.00', 1, 1, '2022-02-02 21:17:44', '2022-02-02 21:17:44'),
(21, 'سلمي أحمد محروس', 0, NULL, NULL, NULL, NULL, '01020418166', NULL, 'reserve', '70.00', 1, 1, '2022-02-02 21:18:17', '2022-02-02 21:18:17'),
(22, 'السعيد ياسر محمد', 1, NULL, NULL, NULL, NULL, '01022326727', NULL, 'reserve', '70.00', 2, 2, '2022-02-02 21:20:31', '2022-02-02 21:20:31'),
(24, 'محمد عبد الشهيد الغنام', 1, NULL, NULL, NULL, NULL, '01023166349', NULL, 'reserve', '0.00', 2, 2, '2022-02-05 14:56:35', '2022-02-05 14:56:35'),
(25, 'جهاد السعيد عبد العال', 1, NULL, NULL, NULL, NULL, NULL, NULL, 'reserve', '70.00', 2, 2, '2022-02-05 14:57:11', '2022-02-05 14:57:11'),
(26, 'أحمد عبدالدايم السواق', 1, NULL, NULL, '01008583066', NULL, NULL, NULL, 'reserve', '70.00', 2, 2, '2022-02-05 14:58:03', '2022-02-05 14:58:03'),
(27, 'شاهر محمد عمر', 1, NULL, NULL, NULL, NULL, '01009888141', NULL, 'reserve', '0.00', 2, NULL, '2022-02-05 16:06:16', '2022-02-05 16:06:16'),
(28, 'أحمد سمير الصاوي', 1, NULL, NULL, NULL, NULL, '01014496071', NULL, 'reserve', '70.00', 2, 2, '2022-02-05 16:07:25', '2022-02-05 16:07:25'),
(29, 'حازم عماد فرج', 1, NULL, NULL, NULL, NULL, '01094121785', NULL, 'reserve', '70.00', 2, 2, '2022-02-05 16:08:37', '2022-02-05 16:08:37'),
(30, 'أحمد السيد السنباري', 1, NULL, NULL, NULL, NULL, '01094733671', NULL, 'reserve', '70.00', 2, 2, '2022-02-05 16:11:11', '2022-02-05 16:11:11'),
(31, 'محمد السيد السنباري', 1, NULL, NULL, NULL, NULL, '01094733671', NULL, 'reserve', '70.00', 2, 2, '2022-02-05 16:11:46', '2022-02-05 16:11:46'),
(32, 'بسملة الشحات', 0, NULL, NULL, NULL, NULL, '01016151847', NULL, 'reserve', '70.00', 2, 2, '2022-02-05 16:12:41', '2022-02-05 16:12:41'),
(33, 'شهيرة ممدوح عمر', 0, NULL, NULL, NULL, NULL, '01003326873', NULL, 'reserve', '70.00', 2, 2, '2022-02-05 16:13:46', '2022-02-05 16:13:46'),
(34, 'شيماء ممدوح عمر', 0, NULL, NULL, NULL, NULL, '01003326873', NULL, 'reserve', '70.00', 2, 2, '2022-02-05 16:14:26', '2022-02-05 16:14:26'),
(35, 'حنين وحيد ابو اليزيد', 0, NULL, NULL, NULL, NULL, '01016021303', NULL, 'reserve', '0.00', 2, 2, '2022-02-05 16:15:53', '2022-02-05 16:15:53'),
(36, 'هبة حجازي زكي', 0, NULL, NULL, NULL, NULL, '01552054256', NULL, 'reserve', '70.00', 2, 2, '2022-02-05 16:16:44', '2022-02-05 16:16:44'),
(37, 'يارا ايهاب رمضان', 0, NULL, NULL, NULL, NULL, '01012348701', NULL, 'reserve', '70.00', 2, 2, '2022-02-05 16:17:19', '2022-02-05 16:17:19'),
(38, 'رانيا سامي بدوي', 0, NULL, NULL, NULL, NULL, NULL, NULL, 'reserve', '0.00', 2, 2, '2022-02-05 16:18:02', '2022-02-05 16:18:02'),
(39, 'ندا السيد جادالله', 0, NULL, NULL, NULL, NULL, '01550873084', NULL, 'reserve', '70.00', 2, 2, '2022-02-05 16:18:38', '2022-02-05 16:18:38'),
(40, 'مرام السيد ابو العطا', 0, NULL, NULL, NULL, NULL, '01090120322', NULL, 'reserve', '70.00', 2, 2, '2022-02-05 16:19:16', '2022-02-05 16:19:16'),
(41, 'فاطمة عبد المنصف جادالله', 0, NULL, NULL, NULL, NULL, '01014638194', NULL, 'reserve', '70.00', 2, 2, '2022-02-05 16:20:26', '2022-02-05 16:20:26'),
(42, 'أميرة أحمد السعيد', 0, NULL, NULL, NULL, NULL, '01009303885', NULL, 'reserve', '70.00', 2, 2, '2022-02-05 16:21:14', '2022-02-05 16:21:14'),
(43, 'أسماء عرندس ياسين', 0, NULL, NULL, NULL, NULL, '01113684330', NULL, 'reserve', '70.00', 2, 2, '2022-02-05 16:22:16', '2022-02-05 16:22:16'),
(44, 'شروق خيري غنيم', 0, NULL, NULL, NULL, NULL, '01091962392', NULL, 'reserve', '70.00', 2, 2, '2022-02-05 16:23:14', '2022-02-05 16:23:14'),
(45, 'مرام السعيد الصعيدي', 0, NULL, NULL, NULL, NULL, '01006970909', NULL, 'reserve', '0.00', 2, 2, '2022-02-05 16:23:39', '2022-02-05 16:23:39'),
(46, 'ياسمين عماد الغنام', 0, NULL, NULL, NULL, NULL, '01029972785', NULL, 'reserve', '0.00', 2, 2, '2022-02-05 16:24:11', '2022-02-05 16:24:11'),
(47, 'روان وائل البسيوني', 0, NULL, NULL, NULL, NULL, '01099093044', NULL, 'reserve', '70.00', 2, 2, '2022-02-05 16:24:57', '2022-02-05 16:24:57'),
(48, 'نوراي سامح يوسف', 0, NULL, NULL, NULL, NULL, '01148815992', NULL, 'reserve', '70.00', 2, NULL, '2022-02-05 16:25:58', '2022-02-05 16:25:58'),
(49, 'أميرة خطاب أحمد', 0, NULL, NULL, NULL, NULL, '01090962025', NULL, 'reserve', '70.00', 2, 2, '2022-02-05 16:27:07', '2022-02-05 16:27:07'),
(50, 'حنين محمد فؤاد', 0, NULL, NULL, NULL, NULL, '01064619930', NULL, 'reserve', '0.00', 2, NULL, '2022-02-05 16:27:48', '2022-02-05 16:27:48'),
(51, 'أسماء السيد البطاط', 0, NULL, NULL, NULL, NULL, '01024508316', NULL, 'reserve', '0.00', 5, NULL, '2022-02-05 20:46:23', '2022-02-05 20:46:23'),
(52, 'جيهان السعيد عبدالعال', 0, NULL, NULL, NULL, NULL, '01068382023', NULL, 'reserve', '0.00', 6, NULL, '2022-02-06 21:00:44', '2022-02-06 21:00:44'),
(53, 'ليلي محمود صلاح', 0, NULL, NULL, NULL, NULL, '01154542058', NULL, 'reserve', '0.00', 6, NULL, '2022-02-06 21:01:25', '2022-02-06 21:01:25'),
(54, 'عمر محمد مصباح', 1, NULL, NULL, NULL, NULL, '01019996656', NULL, 'reserve', '0.00', 1, 1, '2022-02-06 23:18:04', '2022-02-06 23:18:04'),
(55, 'نورهان السعيد مختار', 0, NULL, NULL, NULL, NULL, NULL, NULL, 'reserve', '0.00', 1, 1, '2022-02-06 23:18:39', '2022-02-06 23:18:39'),
(56, 'اسلام حمادة ابراهيم', 1, NULL, NULL, NULL, NULL, '0102551635', NULL, 'reserve', '0.00', 1, 1, '2022-02-06 23:35:25', '2022-02-06 23:35:25'),
(57, 'أحمد علي عبدالوهاب', 1, NULL, NULL, NULL, NULL, '01013058460', NULL, 'reserve', '0.00', 1, 1, '2022-02-06 23:36:25', '2022-02-06 23:36:25'),
(59, 'محمد مؤمن السواق', 1, NULL, NULL, NULL, NULL, '01062742220', NULL, 'reserve', '0.00', 4, 5, '2022-02-07 17:01:28', '2022-02-07 17:01:28'),
(60, 'أحمد البتانوني السيد', 1, NULL, NULL, NULL, NULL, '01069883042', NULL, 'reserve', '0.00', 4, 5, '2022-02-07 17:04:37', '2022-02-07 17:04:37'),
(61, 'عبدالرحمن مسعد خيشة', 1, NULL, NULL, NULL, NULL, '01006375313', NULL, 'reserve', '0.00', 4, 5, '2022-02-07 17:05:21', '2022-02-07 17:05:21'),
(62, 'علي أشرف الشعراوي', 1, NULL, NULL, NULL, NULL, '01013046092', NULL, 'reserve', '0.00', 4, 5, '2022-02-07 17:06:24', '2022-02-07 17:06:24'),
(63, 'أحمد عبدالله عنتر', 1, NULL, NULL, NULL, NULL, '01004302604', NULL, 'reserve', '0.00', 4, 5, '2022-02-07 17:07:45', '2022-02-07 17:07:45'),
(65, 'ليلي خالد اسماعيل', 0, NULL, NULL, NULL, NULL, '01004319092', NULL, 'reserve', '100.00', 4, 5, '2022-02-07 17:10:12', '2022-02-07 17:10:12'),
(66, 'اسماء ابرهيم طه', 0, NULL, NULL, NULL, NULL, '01067071642', NULL, 'reserve', '0.00', 4, 5, '2022-02-07 17:11:19', '2022-02-07 17:11:19'),
(67, 'منه عبد الدايم', 0, NULL, NULL, NULL, NULL, '01008583066', NULL, 'reserve', '0.00', 4, 5, '2022-02-07 17:11:56', '2022-02-07 17:11:56'),
(68, 'سارة عبد العزيز السواق', 0, NULL, NULL, NULL, NULL, '01145187335', NULL, 'reserve', '0.00', 4, 5, '2022-02-07 17:13:05', '2022-02-07 17:13:05'),
(69, 'حبيبة ممدوح خزعل', 0, NULL, NULL, NULL, NULL, '01094604427', NULL, 'reserve', '0.00', 4, 5, '2022-02-07 17:14:03', '2022-02-07 17:14:03'),
(70, 'روان أحمد عبدربة', 0, NULL, NULL, NULL, NULL, '01019100402', NULL, 'reserve', '0.00', 4, 5, '2022-02-07 17:14:48', '2022-02-07 17:14:48'),
(71, 'محمد عماد عبدالشهيد', 1, NULL, NULL, NULL, NULL, NULL, NULL, 'reserve', '0.00', 1, 1, '2022-02-07 20:00:58', '2022-02-07 20:00:58'),
(72, 'علساء سامي احمد', 0, NULL, NULL, NULL, NULL, '01017484478', NULL, 'reserve', '0.00', 6, NULL, '2022-02-08 20:22:20', '2022-02-08 20:22:20'),
(73, 'ليلي عبدالرحمن عبد الكريم', 0, NULL, NULL, NULL, NULL, '01013464707', NULL, 'reserve', '0.00', 6, NULL, '2022-02-08 20:23:32', '2022-02-08 20:23:32'),
(74, 'نرمين حمادة المغازي', 0, NULL, NULL, NULL, NULL, '01005351328', NULL, 'reserve', '0.00', 6, NULL, '2022-02-08 20:24:07', '2022-02-08 20:24:07'),
(75, 'محمد سامح منير', 1, NULL, NULL, NULL, NULL, '01009414093', NULL, 'reserve', '0.00', 3, 3, '2022-02-08 22:14:28', '2022-02-08 22:14:28'),
(76, 'السيد رضا السيد', 1, NULL, NULL, NULL, NULL, '01141624233', NULL, 'reserve', '0.00', 3, 3, '2022-02-08 22:16:28', '2022-02-08 22:16:28'),
(77, 'ياسمين', 0, NULL, NULL, NULL, NULL, '01004715651', NULL, 'reserve', '0.00', 3, 3, '2022-02-08 22:16:59', '2022-02-08 22:16:59'),
(78, 'أية عزت خميس', 0, NULL, NULL, '0', NULL, '01025342179', NULL, 'reserve', '0.00', 3, 3, '2022-02-08 22:18:01', '2022-02-08 22:18:01'),
(79, 'جنة محمد فؤاد', 0, NULL, NULL, NULL, NULL, '01064619930', NULL, 'reserve', '0.00', 3, 3, '2022-02-08 22:18:53', '2022-02-08 22:18:53'),
(80, 'خلود ممدوح خزعل', 0, NULL, NULL, NULL, NULL, '01094604427', NULL, 'reserve', '0.00', 3, 3, '2022-02-08 22:19:28', '2022-02-08 22:19:28'),
(81, 'نرمين حماد عمر', 0, NULL, NULL, NULL, NULL, '01021745165', NULL, 'reserve', '0.00', 3, 3, '2022-02-08 22:20:03', '2022-02-08 22:20:03'),
(82, 'سامي عبدالرحمن عبدالكريم', 0, NULL, NULL, NULL, NULL, '01013464707', NULL, 'reserve', '0.00', 3, 3, '2022-02-08 22:20:38', '2022-02-08 22:20:38'),
(83, 'احمد محمد عبد الغفار', 1, NULL, NULL, NULL, NULL, '010919168090', NULL, 'reserve', '0.00', 2, 2, '2022-02-09 17:21:58', '2022-02-09 17:21:58'),
(84, 'اسلام حاد الغنام', 1, NULL, NULL, NULL, NULL, '01012431772', NULL, 'reserve', '0.00', 2, 2, '2022-02-09 17:22:35', '2022-02-09 17:22:35'),
(85, 'عبد الله أحمد شاهين', 0, NULL, NULL, NULL, NULL, '01016285453', NULL, 'reserve', '70.00', 2, 2, '2022-02-09 17:27:49', '2022-02-09 17:27:49'),
(86, 'محمد عبد الهادي الجندي', 1, NULL, NULL, NULL, NULL, NULL, NULL, 'reserve', '0.00', 1, 1, '2022-02-09 23:27:50', '2022-02-09 23:27:50'),
(87, 'ريم سعد عرندس', 0, NULL, NULL, NULL, NULL, '01060022171', NULL, 'reserve', '100.00', 4, 5, '2022-02-10 17:17:09', '2022-02-10 17:17:09'),
(88, 'منة حسن زكري', 0, NULL, NULL, NULL, NULL, '01026037067', NULL, 'reserve', '0.00', 4, 5, '2022-02-10 17:19:20', '2022-02-10 17:19:20'),
(89, 'حاتم محمد داود', 1, NULL, NULL, NULL, NULL, '01097088944', NULL, 'reserve', '0.00', 4, 5, '2022-02-10 17:19:54', '2022-02-10 17:19:54');

-- --------------------------------------------------------

--
-- Table structure for table `times`
--

CREATE TABLE `times` (
  `id` bigint(20) UNSIGNED NOT NULL,
  `sat` time NOT NULL DEFAULT '00:00:00',
  `sun` time NOT NULL DEFAULT '00:00:00',
  `mon` time NOT NULL DEFAULT '00:00:00',
  `tus` time NOT NULL DEFAULT '00:00:00',
  `wed` time NOT NULL DEFAULT '00:00:00',
  `thu` time NOT NULL DEFAULT '00:00:00',
  `fri` time NOT NULL DEFAULT '00:00:00',
  `created_at` timestamp NULL DEFAULT NULL,
  `updated_at` timestamp NULL DEFAULT NULL
) ENGINE=InnoDB DEFAULT CHARSET=utf8mb4 COLLATE=utf8mb4_unicode_ci;

--
-- Dumping data for table `times`
--

INSERT INTO `times` (`id`, `sat`, `sun`, `mon`, `tus`, `wed`, `thu`, `fri`, `created_at`, `updated_at`) VALUES
(1, '00:00:00', '17:00:00', '00:00:00', '00:00:00', '17:00:00', '00:00:00', '00:00:00', '2022-02-01 23:26:36', '2022-02-01 23:26:36'),
(2, '16:30:00', '00:00:00', '00:00:00', '16:30:00', '00:00:00', '00:00:00', '00:00:00', '2022-02-02 00:18:08', '2022-02-02 00:18:08'),
(4, '12:00:00', '00:00:00', '00:00:00', '00:00:00', '11:00:00', '00:00:00', '00:00:00', '2022-02-02 00:18:43', '2022-02-02 00:18:43'),
(5, '00:00:00', '00:00:00', '11:00:00', '00:00:00', '00:00:00', '11:00:00', '00:00:00', '2022-02-02 00:21:00', '2022-02-02 00:21:00'),
(7, '14:30:00', '00:00:00', '00:00:00', '14:30:00', '00:00:00', '00:00:00', '00:00:00', '2022-02-08 20:28:13', '2022-02-08 20:28:13'),
(8, '14:30:00', '14:00:00', '00:00:00', '14:30:00', '14:00:00', '00:00:00', '00:00:00', '2022-02-08 20:29:54', '2022-02-08 20:29:54');

-- --------------------------------------------------------

--
-- Table structure for table `users`
--

CREATE TABLE `users` (
  `id` bigint(20) UNSIGNED NOT NULL,
  `name` varchar(255) COLLATE utf8mb4_unicode_ci NOT NULL,
  `email` varchar(255) COLLATE utf8mb4_unicode_ci NOT NULL,
  `email_verified_at` timestamp NULL DEFAULT NULL,
  `password` varchar(255) COLLATE utf8mb4_unicode_ci NOT NULL,
  `remember_token` varchar(100) COLLATE utf8mb4_unicode_ci DEFAULT NULL,
  `created_at` timestamp NULL DEFAULT NULL,
  `updated_at` timestamp NULL DEFAULT NULL
) ENGINE=InnoDB DEFAULT CHARSET=utf8mb4 COLLATE=utf8mb4_unicode_ci;

--
-- Indexes for dumped tables
--

--
-- Indexes for table `attendances`
--
ALTER TABLE `attendances`
  ADD PRIMARY KEY (`id`),
  ADD KEY `attendances_student_id_foreign` (`student_id`);

--
-- Indexes for table `exams`
--
ALTER TABLE `exams`
  ADD PRIMARY KEY (`id`),
  ADD KEY `exams_level_id_foreign` (`level_id`),
  ADD KEY `exams_group_id_foreign` (`group_id`);

--
-- Indexes for table `exam_attindances`
--
ALTER TABLE `exam_attindances`
  ADD PRIMARY KEY (`id`),
  ADD KEY `exam_attindances_student_id_foreign` (`student_id`),
  ADD KEY `exam_attindances_exam_id_foreign` (`exam_id`);

--
-- Indexes for table `expences`
--
ALTER TABLE `expences`
  ADD PRIMARY KEY (`id`);

--
-- Indexes for table `failed_jobs`
--
ALTER TABLE `failed_jobs`
  ADD PRIMARY KEY (`id`),
  ADD UNIQUE KEY `failed_jobs_uuid_unique` (`uuid`);

--
-- Indexes for table `groups`
--
ALTER TABLE `groups`
  ADD PRIMARY KEY (`id`),
  ADD UNIQUE KEY `groups_time_id_unique` (`time_id`),
  ADD KEY `groups_level_id_foreign` (`level_id`);

--
-- Indexes for table `homework`
--
ALTER TABLE `homework`
  ADD PRIMARY KEY (`id`),
  ADD KEY `homework_level_id_foreign` (`level_id`),
  ADD KEY `homework_group_id_foreign` (`group_id`);

--
-- Indexes for table `homework_solutions`
--
ALTER TABLE `homework_solutions`
  ADD PRIMARY KEY (`id`),
  ADD KEY `homework_solutions_student_id_foreign` (`student_id`),
  ADD KEY `homework_solutions_homework_id_foreign` (`homework_id`);

--
-- Indexes for table `levels`
--
ALTER TABLE `levels`
  ADD PRIMARY KEY (`id`);

--
-- Indexes for table `migrations`
--
ALTER TABLE `migrations`
  ADD PRIMARY KEY (`id`);

--
-- Indexes for table `notes`
--
ALTER TABLE `notes`
  ADD PRIMARY KEY (`id`),
  ADD KEY `notes_student_id_foreign` (`student_id`);

--
-- Indexes for table `password_resets`
--
ALTER TABLE `password_resets`
  ADD KEY `password_resets_email_index` (`email`);

--
-- Indexes for table `payments`
--
ALTER TABLE `payments`
  ADD PRIMARY KEY (`id`),
  ADD KEY `payments_student_id_foreign` (`student_id`);

--
-- Indexes for table `permissions`
--
ALTER TABLE `permissions`
  ADD PRIMARY KEY (`id`),
  ADD UNIQUE KEY `permissions_name_unique` (`name`);

--
-- Indexes for table `permission_role`
--
ALTER TABLE `permission_role`
  ADD PRIMARY KEY (`permission_id`,`role_id`),
  ADD KEY `permission_role_role_id_foreign` (`role_id`);

--
-- Indexes for table `permission_user`
--
ALTER TABLE `permission_user`
  ADD PRIMARY KEY (`user_id`,`permission_id`,`user_type`),
  ADD KEY `permission_user_permission_id_foreign` (`permission_id`);

--
-- Indexes for table `personal_access_tokens`
--
ALTER TABLE `personal_access_tokens`
  ADD PRIMARY KEY (`id`),
  ADD UNIQUE KEY `personal_access_tokens_token_unique` (`token`),
  ADD KEY `personal_access_tokens_tokenable_type_tokenable_id_index` (`tokenable_type`,`tokenable_id`);

--
-- Indexes for table `roles`
--
ALTER TABLE `roles`
  ADD PRIMARY KEY (`id`),
  ADD UNIQUE KEY `roles_name_unique` (`name`);

--
-- Indexes for table `role_user`
--
ALTER TABLE `role_user`
  ADD PRIMARY KEY (`user_id`,`role_id`,`user_type`),
  ADD KEY `role_user_role_id_foreign` (`role_id`);

--
-- Indexes for table `students`
--
ALTER TABLE `students`
  ADD PRIMARY KEY (`id`),
  ADD KEY `students_level_id_foreign` (`level_id`),
  ADD KEY `students_group_id_foreign` (`group_id`);

--
-- Indexes for table `times`
--
ALTER TABLE `times`
  ADD PRIMARY KEY (`id`);

--
-- Indexes for table `users`
--
ALTER TABLE `users`
  ADD PRIMARY KEY (`id`),
  ADD UNIQUE KEY `users_email_unique` (`email`);

--
-- AUTO_INCREMENT for dumped tables
--

--
-- AUTO_INCREMENT for table `attendances`
--
ALTER TABLE `attendances`
  MODIFY `id` bigint(20) UNSIGNED NOT NULL AUTO_INCREMENT, AUTO_INCREMENT=180;

--
-- AUTO_INCREMENT for table `exams`
--
ALTER TABLE `exams`
  MODIFY `id` bigint(20) UNSIGNED NOT NULL AUTO_INCREMENT, AUTO_INCREMENT=5;

--
-- AUTO_INCREMENT for table `exam_attindances`
--
ALTER TABLE `exam_attindances`
  MODIFY `id` bigint(20) UNSIGNED NOT NULL AUTO_INCREMENT, AUTO_INCREMENT=53;

--
-- AUTO_INCREMENT for table `expences`
--
ALTER TABLE `expences`
  MODIFY `id` bigint(20) UNSIGNED NOT NULL AUTO_INCREMENT;

--
-- AUTO_INCREMENT for table `failed_jobs`
--
ALTER TABLE `failed_jobs`
  MODIFY `id` bigint(20) UNSIGNED NOT NULL AUTO_INCREMENT;

--
-- AUTO_INCREMENT for table `groups`
--
ALTER TABLE `groups`
  MODIFY `id` bigint(20) UNSIGNED NOT NULL AUTO_INCREMENT, AUTO_INCREMENT=9;

--
-- AUTO_INCREMENT for table `homework`
--
ALTER TABLE `homework`
  MODIFY `id` bigint(20) UNSIGNED NOT NULL AUTO_INCREMENT;

--
-- AUTO_INCREMENT for table `homework_solutions`
--
ALTER TABLE `homework_solutions`
  MODIFY `id` bigint(20) UNSIGNED NOT NULL AUTO_INCREMENT;

--
-- AUTO_INCREMENT for table `levels`
--
ALTER TABLE `levels`
  MODIFY `id` bigint(20) UNSIGNED NOT NULL AUTO_INCREMENT, AUTO_INCREMENT=7;

--
-- AUTO_INCREMENT for table `migrations`
--
ALTER TABLE `migrations`
  MODIFY `id` int(10) UNSIGNED NOT NULL AUTO_INCREMENT, AUTO_INCREMENT=18;

--
-- AUTO_INCREMENT for table `notes`
--
ALTER TABLE `notes`
  MODIFY `id` bigint(20) UNSIGNED NOT NULL AUTO_INCREMENT, AUTO_INCREMENT=3;

--
-- AUTO_INCREMENT for table `payments`
--
ALTER TABLE `payments`
  MODIFY `id` bigint(20) UNSIGNED NOT NULL AUTO_INCREMENT, AUTO_INCREMENT=3;

--
-- AUTO_INCREMENT for table `permissions`
--
ALTER TABLE `permissions`
  MODIFY `id` bigint(20) UNSIGNED NOT NULL AUTO_INCREMENT;

--
-- AUTO_INCREMENT for table `personal_access_tokens`
--
ALTER TABLE `personal_access_tokens`
  MODIFY `id` bigint(20) UNSIGNED NOT NULL AUTO_INCREMENT;

--
-- AUTO_INCREMENT for table `roles`
--
ALTER TABLE `roles`
  MODIFY `id` bigint(20) UNSIGNED NOT NULL AUTO_INCREMENT;

--
-- AUTO_INCREMENT for table `students`
--
ALTER TABLE `students`
  MODIFY `id` bigint(20) UNSIGNED NOT NULL AUTO_INCREMENT, AUTO_INCREMENT=90;

--
-- AUTO_INCREMENT for table `times`
--
ALTER TABLE `times`
  MODIFY `id` bigint(20) UNSIGNED NOT NULL AUTO_INCREMENT, AUTO_INCREMENT=9;

--
-- AUTO_INCREMENT for table `users`
--
ALTER TABLE `users`
  MODIFY `id` bigint(20) UNSIGNED NOT NULL AUTO_INCREMENT;

--
-- Constraints for dumped tables
--

--
-- Constraints for table `attendances`
--
ALTER TABLE `attendances`
  ADD CONSTRAINT `attendances_student_id_foreign` FOREIGN KEY (`student_id`) REFERENCES `students` (`id`) ON DELETE SET NULL;

--
-- Constraints for table `exams`
--
ALTER TABLE `exams`
  ADD CONSTRAINT `exams_group_id_foreign` FOREIGN KEY (`group_id`) REFERENCES `groups` (`id`) ON DELETE SET NULL,
  ADD CONSTRAINT `exams_level_id_foreign` FOREIGN KEY (`level_id`) REFERENCES `levels` (`id`) ON DELETE SET NULL;

--
-- Constraints for table `exam_attindances`
--
ALTER TABLE `exam_attindances`
  ADD CONSTRAINT `exam_attindances_exam_id_foreign` FOREIGN KEY (`exam_id`) REFERENCES `exams` (`id`) ON DELETE SET NULL,
  ADD CONSTRAINT `exam_attindances_student_id_foreign` FOREIGN KEY (`student_id`) REFERENCES `students` (`id`) ON DELETE SET NULL;

--
-- Constraints for table `groups`
--
ALTER TABLE `groups`
  ADD CONSTRAINT `groups_level_id_foreign` FOREIGN KEY (`level_id`) REFERENCES `levels` (`id`) ON DELETE SET NULL,
  ADD CONSTRAINT `groups_time_id_foreign` FOREIGN KEY (`time_id`) REFERENCES `times` (`id`) ON DELETE SET NULL;

--
-- Constraints for table `homework`
--
ALTER TABLE `homework`
  ADD CONSTRAINT `homework_group_id_foreign` FOREIGN KEY (`group_id`) REFERENCES `groups` (`id`) ON DELETE SET NULL,
  ADD CONSTRAINT `homework_level_id_foreign` FOREIGN KEY (`level_id`) REFERENCES `levels` (`id`) ON DELETE SET NULL;

--
-- Constraints for table `homework_solutions`
--
ALTER TABLE `homework_solutions`
  ADD CONSTRAINT `homework_solutions_homework_id_foreign` FOREIGN KEY (`homework_id`) REFERENCES `homework` (`id`) ON DELETE SET NULL,
  ADD CONSTRAINT `homework_solutions_student_id_foreign` FOREIGN KEY (`student_id`) REFERENCES `students` (`id`) ON DELETE SET NULL;

--
-- Constraints for table `notes`
--
ALTER TABLE `notes`
  ADD CONSTRAINT `notes_student_id_foreign` FOREIGN KEY (`student_id`) REFERENCES `students` (`id`) ON DELETE SET NULL;

--
-- Constraints for table `payments`
--
ALTER TABLE `payments`
  ADD CONSTRAINT `payments_student_id_foreign` FOREIGN KEY (`student_id`) REFERENCES `students` (`id`) ON DELETE SET NULL;

--
-- Constraints for table `permission_role`
--
ALTER TABLE `permission_role`
  ADD CONSTRAINT `permission_role_permission_id_foreign` FOREIGN KEY (`permission_id`) REFERENCES `permissions` (`id`) ON DELETE CASCADE ON UPDATE CASCADE,
  ADD CONSTRAINT `permission_role_role_id_foreign` FOREIGN KEY (`role_id`) REFERENCES `roles` (`id`) ON DELETE CASCADE ON UPDATE CASCADE;

--
-- Constraints for table `permission_user`
--
ALTER TABLE `permission_user`
  ADD CONSTRAINT `permission_user_permission_id_foreign` FOREIGN KEY (`permission_id`) REFERENCES `permissions` (`id`) ON DELETE CASCADE ON UPDATE CASCADE;

--
-- Constraints for table `role_user`
--
ALTER TABLE `role_user`
  ADD CONSTRAINT `role_user_role_id_foreign` FOREIGN KEY (`role_id`) REFERENCES `roles` (`id`) ON DELETE CASCADE ON UPDATE CASCADE;

--
-- Constraints for table `students`
--
ALTER TABLE `students`
  ADD CONSTRAINT `students_group_id_foreign` FOREIGN KEY (`group_id`) REFERENCES `groups` (`id`) ON DELETE SET NULL,
  ADD CONSTRAINT `students_level_id_foreign` FOREIGN KEY (`level_id`) REFERENCES `levels` (`id`) ON DELETE SET NULL;
COMMIT;

/*!40101 SET CHARACTER_SET_CLIENT=@OLD_CHARACTER_SET_CLIENT */;
/*!40101 SET CHARACTER_SET_RESULTS=@OLD_CHARACTER_SET_RESULTS */;
/*!40101 SET COLLATION_CONNECTION=@OLD_COLLATION_CONNECTION */;
