-- phpMyAdmin SQL Dump
-- version 4.9.5
-- https://www.phpmyadmin.net/
--
-- Host: localhost:3309
-- Generation Time: Feb 25, 2022 at 09:53 PM
-- Server version: 5.7.24
-- PHP Version: 7.4.1

SET SQL_MODE = "NO_AUTO_VALUE_ON_ZERO";
SET AUTOCOMMIT = 0;
START TRANSACTION;
SET time_zone = "+00:00";


/*!40101 SET @OLD_CHARACTER_SET_CLIENT=@@CHARACTER_SET_CLIENT */;
/*!40101 SET @OLD_CHARACTER_SET_RESULTS=@@CHARACTER_SET_RESULTS */;
/*!40101 SET @OLD_COLLATION_CONNECTION=@@COLLATION_CONNECTION */;
/*!40101 SET NAMES utf8mb4 */;

--
-- Database: `print_project`
--

-- --------------------------------------------------------

--
-- Table structure for table `attendances`
--

CREATE TABLE `attendances` (
  `id` bigint(20) UNSIGNED NOT NULL,
  `student_id` bigint(20) UNSIGNED DEFAULT NULL,
  `attend` tinyint(1) NOT NULL,
  `day` date NOT NULL,
  `created_at` timestamp NULL DEFAULT NULL,
  `updated_at` timestamp NULL DEFAULT NULL
) ENGINE=InnoDB DEFAULT CHARSET=utf8mb4 COLLATE=utf8mb4_unicode_ci;

--
-- Dumping data for table `attendances`
--

INSERT INTO `attendances` (`id`, `student_id`, `attend`, `day`, `created_at`, `updated_at`) VALUES
(526, 59, 1, '2022-02-18', '2022-02-18 20:28:37', '2022-02-18 20:28:37'),
(527, 60, 1, '2022-02-18', '2022-02-18 20:28:37', '2022-02-18 20:28:37'),
(528, 61, 1, '2022-02-18', '2022-02-18 20:28:37', '2022-02-18 20:28:37'),
(529, 62, 0, '2022-02-18', '2022-02-18 20:28:37', '2022-02-18 20:28:37'),
(530, 63, 1, '2022-02-18', '2022-02-18 20:28:37', '2022-02-18 20:28:37'),
(531, 65, 1, '2022-02-18', '2022-02-18 20:28:37', '2022-02-18 20:28:37'),
(532, 66, 1, '2022-02-18', '2022-02-18 20:28:37', '2022-02-18 20:28:37'),
(533, 67, 1, '2022-02-18', '2022-02-18 20:28:37', '2022-02-18 20:28:37'),
(534, 68, 0, '2022-02-18', '2022-02-18 20:28:37', '2022-02-18 20:28:37'),
(535, 69, 0, '2022-02-18', '2022-02-18 20:28:37', '2022-02-18 20:28:37'),
(536, 70, 1, '2022-02-18', '2022-02-18 20:28:37', '2022-02-18 20:28:37'),
(537, 87, 1, '2022-02-18', '2022-02-18 20:28:37', '2022-02-18 20:28:37'),
(538, 88, 1, '2022-02-18', '2022-02-18 20:28:37', '2022-02-18 20:28:37'),
(539, 89, 1, '2022-02-18', '2022-02-18 20:28:37', '2022-02-18 20:28:37'),
(540, 94, 1, '2022-02-18', '2022-02-18 20:28:37', '2022-02-18 20:28:37'),
(541, 95, 0, '2022-02-18', '2022-02-18 20:28:37', '2022-02-18 20:28:37'),
(542, 96, 1, '2022-02-18', '2022-02-18 20:28:37', '2022-02-18 20:28:37'),
(543, 97, 0, '2022-02-18', '2022-02-18 20:28:37', '2022-02-18 20:28:37'),
(544, 98, 1, '2022-02-18', '2022-02-18 20:28:37', '2022-02-18 20:28:37'),
(545, 100, 1, '2022-02-18', '2022-02-18 20:28:37', '2022-02-18 20:28:37'),
(546, 101, 1, '2022-02-18', '2022-02-18 20:28:37', '2022-02-18 20:28:37'),
(547, 22, 0, '2022-02-19', '2022-02-19 18:13:49', '2022-02-19 18:13:49'),
(549, 25, 0, '2022-02-19', '2022-02-19 18:13:49', '2022-02-19 18:13:49'),
(550, 26, 1, '2022-02-19', '2022-02-19 18:13:49', '2022-02-19 18:13:49'),
(551, 28, 1, '2022-02-19', '2022-02-19 18:13:49', '2022-02-19 18:13:49'),
(552, 29, 1, '2022-02-19', '2022-02-19 18:13:49', '2022-02-19 18:13:49'),
(553, 30, 1, '2022-02-19', '2022-02-19 18:13:49', '2022-02-19 18:13:49'),
(554, 31, 1, '2022-02-19', '2022-02-19 18:13:49', '2022-02-19 18:13:49'),
(555, 32, 1, '2022-02-19', '2022-02-19 18:13:49', '2022-02-19 18:13:49'),
(556, 33, 1, '2022-02-19', '2022-02-19 18:13:49', '2022-02-19 18:13:49'),
(557, 34, 1, '2022-02-19', '2022-02-19 18:13:49', '2022-02-19 18:13:49'),
(558, 35, 1, '2022-02-19', '2022-02-19 18:13:49', '2022-02-19 18:13:49'),
(559, 36, 1, '2022-02-19', '2022-02-19 18:13:49', '2022-02-19 18:13:49'),
(560, 37, 1, '2022-02-19', '2022-02-19 18:13:49', '2022-02-19 18:13:49'),
(561, 38, 0, '2022-02-19', '2022-02-19 18:13:49', '2022-02-19 18:13:49'),
(562, 39, 1, '2022-02-19', '2022-02-19 18:13:49', '2022-02-19 18:13:49'),
(563, 40, 1, '2022-02-19', '2022-02-19 18:13:49', '2022-02-19 18:13:49'),
(564, 41, 1, '2022-02-19', '2022-02-19 18:13:49', '2022-02-19 18:13:49'),
(565, 42, 1, '2022-02-19', '2022-02-19 18:13:49', '2022-02-19 18:13:49'),
(566, 43, 0, '2022-02-19', '2022-02-19 18:13:49', '2022-02-19 18:13:49'),
(567, 44, 1, '2022-02-19', '2022-02-19 18:13:49', '2022-02-19 18:13:49'),
(568, 45, 1, '2022-02-19', '2022-02-19 18:13:49', '2022-02-19 18:13:49'),
(569, 46, 1, '2022-02-19', '2022-02-19 18:13:49', '2022-02-19 18:13:49'),
(570, 47, 1, '2022-02-19', '2022-02-19 18:13:49', '2022-02-19 18:13:49'),
(571, 49, 1, '2022-02-19', '2022-02-19 18:13:49', '2022-02-19 18:13:49'),
(572, 83, 0, '2022-02-19', '2022-02-19 18:13:49', '2022-02-19 18:13:49'),
(573, NULL, 0, '2022-02-19', '2022-02-19 18:13:49', '2022-02-19 18:13:49'),
(574, 85, 1, '2022-02-19', '2022-02-19 18:13:49', '2022-02-19 18:13:49'),
(575, 52, 1, '2022-02-20', '2022-02-20 20:13:32', '2022-02-20 20:13:32'),
(576, 53, 1, '2022-02-20', '2022-02-20 20:13:32', '2022-02-20 20:13:32'),
(577, 73, 1, '2022-02-20', '2022-02-20 20:13:32', '2022-02-20 20:13:32'),
(578, 74, 1, '2022-02-20', '2022-02-20 20:13:32', '2022-02-20 20:13:32'),
(579, 92, 1, '2022-02-20', '2022-02-20 20:13:32', '2022-02-20 20:13:32'),
(580, 3, 1, '2022-02-20', '2022-02-20 23:31:52', '2022-02-20 23:31:52'),
(581, 4, 1, '2022-02-20', '2022-02-20 23:31:52', '2022-02-20 23:31:52'),
(582, 5, 0, '2022-02-20', '2022-02-20 23:31:52', '2022-02-20 23:31:52'),
(583, 6, 1, '2022-02-20', '2022-02-20 23:31:52', '2022-02-20 23:31:52'),
(584, 7, 1, '2022-02-20', '2022-02-20 23:31:52', '2022-02-20 23:31:52'),
(585, 8, 1, '2022-02-20', '2022-02-20 23:31:52', '2022-02-20 23:31:52'),
(586, 9, 1, '2022-02-20', '2022-02-20 23:31:52', '2022-02-20 23:31:52'),
(587, 10, 1, '2022-02-20', '2022-02-20 23:31:52', '2022-02-20 23:31:52'),
(588, 11, 1, '2022-02-20', '2022-02-20 23:31:52', '2022-02-20 23:31:52'),
(589, 12, 1, '2022-02-20', '2022-02-20 23:31:52', '2022-02-20 23:31:52'),
(590, 13, 1, '2022-02-20', '2022-02-20 23:31:52', '2022-02-20 23:31:52'),
(591, 14, 1, '2022-02-20', '2022-02-20 23:31:52', '2022-02-20 23:31:52'),
(592, 15, 1, '2022-02-20', '2022-02-20 23:31:52', '2022-02-20 23:31:52'),
(593, 16, 1, '2022-02-20', '2022-02-20 23:31:52', '2022-02-20 23:31:52'),
(594, 17, 1, '2022-02-20', '2022-02-20 23:31:52', '2022-02-20 23:31:52'),
(595, 18, 1, '2022-02-20', '2022-02-20 23:31:52', '2022-02-20 23:31:52'),
(596, 19, 1, '2022-02-20', '2022-02-20 23:31:52', '2022-02-20 23:31:52'),
(597, 20, 1, '2022-02-20', '2022-02-20 23:31:52', '2022-02-20 23:31:52'),
(598, 21, 1, '2022-02-20', '2022-02-20 23:31:52', '2022-02-20 23:31:52'),
(599, 54, 1, '2022-02-20', '2022-02-20 23:31:52', '2022-02-20 23:31:52'),
(600, 55, 1, '2022-02-20', '2022-02-20 23:31:52', '2022-02-20 23:31:52'),
(601, 56, 0, '2022-02-20', '2022-02-20 23:31:52', '2022-02-20 23:31:52'),
(602, 57, 1, '2022-02-20', '2022-02-20 23:31:52', '2022-02-20 23:31:52'),
(603, 77, 0, '2022-02-20', '2022-02-20 23:31:52', '2022-02-20 23:31:52'),
(604, 86, 0, '2022-02-20', '2022-02-20 23:31:52', '2022-02-20 23:31:52'),
(605, 93, 1, '2022-02-20', '2022-02-20 23:31:52', '2022-02-20 23:31:52'),
(606, 99, 1, '2022-02-20', '2022-02-20 23:31:52', '2022-02-20 23:31:52'),
(607, 59, 1, '2022-02-21', '2022-02-21 17:27:49', '2022-02-21 17:27:49'),
(608, 60, 1, '2022-02-21', '2022-02-21 17:27:49', '2022-02-21 17:27:49'),
(609, 61, 1, '2022-02-21', '2022-02-21 17:27:49', '2022-02-21 17:27:49'),
(610, 62, 1, '2022-02-21', '2022-02-21 17:27:49', '2022-02-21 17:27:49'),
(611, 63, 1, '2022-02-21', '2022-02-21 17:27:49', '2022-02-21 17:27:49'),
(612, 65, 1, '2022-02-21', '2022-02-21 17:27:49', '2022-02-21 17:27:49'),
(613, 66, 1, '2022-02-21', '2022-02-21 17:27:49', '2022-02-21 17:27:49'),
(614, 67, 1, '2022-02-21', '2022-02-21 17:27:49', '2022-02-21 17:27:49'),
(615, 68, 1, '2022-02-21', '2022-02-21 17:27:49', '2022-02-21 17:27:49'),
(616, 69, 1, '2022-02-21', '2022-02-21 17:27:49', '2022-02-21 17:27:49'),
(617, 70, 1, '2022-02-21', '2022-02-21 17:27:49', '2022-02-21 17:27:49'),
(618, 87, 1, '2022-02-21', '2022-02-21 17:27:49', '2022-02-21 17:27:49'),
(619, 88, 1, '2022-02-21', '2022-02-21 17:27:49', '2022-02-21 17:27:49'),
(620, 89, 1, '2022-02-21', '2022-02-21 17:27:49', '2022-02-21 17:27:49'),
(621, 94, 0, '2022-02-21', '2022-02-21 17:27:49', '2022-02-21 17:27:49'),
(622, 95, 1, '2022-02-21', '2022-02-21 17:27:49', '2022-02-21 17:27:49'),
(623, 96, 1, '2022-02-21', '2022-02-21 17:27:49', '2022-02-21 17:27:49'),
(624, 97, 1, '2022-02-21', '2022-02-21 17:27:49', '2022-02-21 17:27:49'),
(625, 98, 1, '2022-02-21', '2022-02-21 17:27:49', '2022-02-21 17:27:49'),
(626, 100, 1, '2022-02-21', '2022-02-21 17:27:49', '2022-02-21 17:27:49'),
(627, 101, 0, '2022-02-21', '2022-02-21 17:27:49', '2022-02-21 17:27:49'),
(628, 52, 1, '2022-02-22', '2022-02-22 20:30:46', '2022-02-22 20:30:46'),
(629, 53, 1, '2022-02-22', '2022-02-22 20:30:46', '2022-02-22 20:30:46'),
(630, 73, 1, '2022-02-22', '2022-02-22 20:30:46', '2022-02-22 20:30:46'),
(631, 74, 1, '2022-02-22', '2022-02-22 20:30:46', '2022-02-22 20:30:46'),
(632, 92, 1, '2022-02-22', '2022-02-22 20:30:46', '2022-02-22 20:30:46'),
(633, 51, 1, '2022-02-22', '2022-02-22 20:31:02', '2022-02-22 20:31:02'),
(634, 103, 1, '2022-02-22', '2022-02-22 20:31:02', '2022-02-22 20:31:02'),
(635, 75, 1, '2022-02-22', '2022-02-22 22:06:06', '2022-02-22 22:06:06'),
(636, 76, 1, '2022-02-22', '2022-02-22 22:06:06', '2022-02-22 22:06:06'),
(637, 77, 0, '2022-02-22', '2022-02-22 22:06:06', '2022-02-22 22:06:06'),
(638, 78, 0, '2022-02-22', '2022-02-22 22:06:06', '2022-02-22 22:06:06'),
(639, 79, 1, '2022-02-22', '2022-02-22 22:06:06', '2022-02-22 22:06:06'),
(640, 80, 1, '2022-02-22', '2022-02-22 22:06:06', '2022-02-22 22:06:06'),
(641, 81, 1, '2022-02-22', '2022-02-22 22:06:06', '2022-02-22 22:06:06'),
(642, 82, 1, '2022-02-22', '2022-02-22 22:06:06', '2022-02-22 22:06:06'),
(643, 90, 1, '2022-02-22', '2022-02-22 22:06:06', '2022-02-22 22:06:06'),
(644, 91, 1, '2022-02-22', '2022-02-22 22:06:06', '2022-02-22 22:06:06'),
(645, 22, 1, '2022-02-22', '2022-02-22 23:32:08', '2022-02-22 23:32:08'),
(647, 25, 1, '2022-02-22', '2022-02-22 23:32:08', '2022-02-22 23:32:08'),
(648, 26, 1, '2022-02-22', '2022-02-22 23:32:08', '2022-02-22 23:32:08'),
(649, 27, 1, '2022-02-22', '2022-02-22 23:32:08', '2022-02-22 23:32:08'),
(650, 28, 1, '2022-02-22', '2022-02-22 23:32:09', '2022-02-22 23:32:09'),
(651, 29, 1, '2022-02-22', '2022-02-22 23:32:09', '2022-02-22 23:32:09'),
(652, 30, 1, '2022-02-22', '2022-02-22 23:32:09', '2022-02-22 23:32:09'),
(653, 31, 1, '2022-02-22', '2022-02-22 23:32:09', '2022-02-22 23:32:09'),
(654, 32, 1, '2022-02-22', '2022-02-22 23:32:09', '2022-02-22 23:32:09'),
(655, 33, 1, '2022-02-22', '2022-02-22 23:32:09', '2022-02-22 23:32:09'),
(656, 34, 1, '2022-02-22', '2022-02-22 23:32:09', '2022-02-22 23:32:09'),
(657, 35, 1, '2022-02-22', '2022-02-22 23:32:09', '2022-02-22 23:32:09'),
(658, 36, 1, '2022-02-22', '2022-02-22 23:32:09', '2022-02-22 23:32:09'),
(659, 37, 1, '2022-02-22', '2022-02-22 23:32:09', '2022-02-22 23:32:09'),
(661, 39, 1, '2022-02-22', '2022-02-22 23:32:09', '2022-02-22 23:32:09'),
(662, 40, 1, '2022-02-22', '2022-02-22 23:32:09', '2022-02-22 23:32:09'),
(663, 41, 1, '2022-02-22', '2022-02-22 23:32:09', '2022-02-22 23:32:09'),
(664, 42, 1, '2022-02-22', '2022-02-22 23:32:09', '2022-02-22 23:32:09'),
(665, 43, 1, '2022-02-22', '2022-02-22 23:32:09', '2022-02-22 23:32:09'),
(666, 44, 1, '2022-02-22', '2022-02-22 23:32:09', '2022-02-22 23:32:09'),
(667, 45, 1, '2022-02-22', '2022-02-22 23:32:09', '2022-02-22 23:32:09'),
(668, 46, 1, '2022-02-22', '2022-02-22 23:32:09', '2022-02-22 23:32:09'),
(669, 47, 1, '2022-02-22', '2022-02-22 23:32:09', '2022-02-22 23:32:09'),
(670, 48, 1, '2022-02-22', '2022-02-22 23:32:09', '2022-02-22 23:32:09'),
(671, 49, 1, '2022-02-22', '2022-02-22 23:32:09', '2022-02-22 23:32:09'),
(672, 50, 1, '2022-02-22', '2022-02-22 23:32:09', '2022-02-22 23:32:09'),
(674, NULL, 0, '2022-02-22', '2022-02-22 23:32:09', '2022-02-22 23:32:09'),
(675, 85, 1, '2022-02-22', '2022-02-22 23:32:09', '2022-02-22 23:32:09'),
(676, 52, 1, '2022-02-23', '2022-02-23 20:11:23', '2022-02-23 20:11:23'),
(677, 53, 0, '2022-02-23', '2022-02-23 20:11:23', '2022-02-23 20:11:23'),
(678, 73, 1, '2022-02-23', '2022-02-23 20:11:23', '2022-02-23 20:11:23'),
(679, 74, 1, '2022-02-23', '2022-02-23 20:11:23', '2022-02-23 20:11:23'),
(680, 92, 1, '2022-02-23', '2022-02-23 20:11:23', '2022-02-23 20:11:23'),
(681, 3, 1, '2022-02-23', '2022-02-23 23:23:45', '2022-02-23 23:23:45'),
(682, 4, 1, '2022-02-23', '2022-02-23 23:23:45', '2022-02-23 23:23:45'),
(683, 5, 0, '2022-02-23', '2022-02-23 23:23:45', '2022-02-23 23:23:45'),
(684, 6, 1, '2022-02-23', '2022-02-23 23:23:45', '2022-02-23 23:23:45'),
(685, 7, 1, '2022-02-23', '2022-02-23 23:23:45', '2022-02-23 23:23:45'),
(686, 8, 1, '2022-02-23', '2022-02-23 23:23:45', '2022-02-23 23:23:45'),
(687, 9, 1, '2022-02-23', '2022-02-23 23:23:45', '2022-02-23 23:23:45'),
(688, 10, 1, '2022-02-23', '2022-02-23 23:23:45', '2022-02-23 23:23:45'),
(689, 11, 1, '2022-02-23', '2022-02-23 23:23:45', '2022-02-23 23:23:45'),
(690, 12, 1, '2022-02-23', '2022-02-23 23:23:45', '2022-02-23 23:23:45'),
(691, 13, 1, '2022-02-23', '2022-02-23 23:23:45', '2022-02-23 23:23:45'),
(692, 14, 1, '2022-02-23', '2022-02-23 23:23:45', '2022-02-23 23:23:45'),
(693, 15, 1, '2022-02-23', '2022-02-23 23:23:45', '2022-02-23 23:23:45'),
(694, 16, 1, '2022-02-23', '2022-02-23 23:23:45', '2022-02-23 23:23:45'),
(695, 17, 1, '2022-02-23', '2022-02-23 23:23:45', '2022-02-23 23:23:45'),
(696, 18, 1, '2022-02-23', '2022-02-23 23:23:45', '2022-02-23 23:23:45'),
(697, 19, 1, '2022-02-23', '2022-02-23 23:23:45', '2022-02-23 23:23:45'),
(698, 20, 1, '2022-02-23', '2022-02-23 23:23:45', '2022-02-23 23:23:45'),
(699, 21, 1, '2022-02-23', '2022-02-23 23:23:45', '2022-02-23 23:23:45'),
(700, 54, 1, '2022-02-23', '2022-02-23 23:23:45', '2022-02-23 23:23:45'),
(701, 55, 1, '2022-02-23', '2022-02-23 23:23:45', '2022-02-23 23:23:45'),
(702, 56, 1, '2022-02-23', '2022-02-23 23:23:45', '2022-02-23 23:23:45'),
(703, 57, 1, '2022-02-23', '2022-02-23 23:23:45', '2022-02-23 23:23:45'),
(704, 86, 0, '2022-02-23', '2022-02-23 23:23:45', '2022-02-23 23:23:45'),
(705, 93, 1, '2022-02-23', '2022-02-23 23:23:45', '2022-02-23 23:23:45'),
(706, 99, 1, '2022-02-23', '2022-02-23 23:23:45', '2022-02-23 23:23:45'),
(707, 59, 1, '2022-02-24', '2022-02-24 17:14:15', '2022-02-24 17:14:15'),
(708, 60, 1, '2022-02-24', '2022-02-24 17:14:15', '2022-02-24 17:14:15'),
(709, 61, 1, '2022-02-24', '2022-02-24 17:14:15', '2022-02-24 17:14:15'),
(710, 62, 1, '2022-02-24', '2022-02-24 17:14:15', '2022-02-24 17:14:15'),
(711, 63, 1, '2022-02-24', '2022-02-24 17:14:15', '2022-02-24 17:14:15'),
(712, 65, 1, '2022-02-24', '2022-02-24 17:14:15', '2022-02-24 17:14:15'),
(713, 66, 1, '2022-02-24', '2022-02-24 17:14:15', '2022-02-24 17:14:15'),
(714, 67, 1, '2022-02-24', '2022-02-24 17:14:15', '2022-02-24 17:14:15'),
(715, 68, 1, '2022-02-24', '2022-02-24 17:14:15', '2022-02-24 17:14:15'),
(716, 69, 1, '2022-02-24', '2022-02-24 17:14:15', '2022-02-24 17:14:15'),
(717, 70, 1, '2022-02-24', '2022-02-24 17:14:15', '2022-02-24 17:14:15'),
(718, 87, 1, '2022-02-24', '2022-02-24 17:14:15', '2022-02-24 17:14:15'),
(719, 88, 1, '2022-02-24', '2022-02-24 17:14:15', '2022-02-24 17:14:15'),
(720, 89, 1, '2022-02-24', '2022-02-24 17:14:15', '2022-02-24 17:14:15'),
(721, 94, 1, '2022-02-24', '2022-02-24 17:14:15', '2022-02-24 17:14:15'),
(722, 95, 1, '2022-02-24', '2022-02-24 17:14:15', '2022-02-24 17:14:15'),
(723, 96, 1, '2022-02-24', '2022-02-24 17:14:15', '2022-02-24 17:14:15'),
(724, 97, 1, '2022-02-24', '2022-02-24 17:14:15', '2022-02-24 17:14:15'),
(725, 98, 1, '2022-02-24', '2022-02-24 17:14:15', '2022-02-24 17:14:15'),
(726, 100, 1, '2022-02-24', '2022-02-24 17:14:15', '2022-02-24 17:14:15'),
(727, 102, 0, '2022-02-24', '2022-02-24 17:14:15', '2022-02-24 17:14:15');

-- --------------------------------------------------------

--
-- Table structure for table `exams`
--

CREATE TABLE `exams` (
  `id` bigint(20) UNSIGNED NOT NULL,
  `name` varchar(255) COLLATE utf8mb4_unicode_ci NOT NULL,
  `level_id` bigint(20) UNSIGNED DEFAULT NULL,
  `group_id` bigint(20) UNSIGNED DEFAULT NULL,
  `exam_date` date NOT NULL,
  `exam_max` double(8,2) NOT NULL,
  `exam_min` double(8,2) NOT NULL,
  `created_at` timestamp NULL DEFAULT NULL,
  `updated_at` timestamp NULL DEFAULT NULL
) ENGINE=InnoDB DEFAULT CHARSET=utf8mb4 COLLATE=utf8mb4_unicode_ci;

--
-- Dumping data for table `exams`
--

INSERT INTO `exams` (`id`, `name`, `level_id`, `group_id`, `exam_date`, `exam_max`, `exam_min`, `created_at`, `updated_at`) VALUES
(1, 'البرهان الاستدلالي', 1, 1, '2022-02-02', 10.00, 5.00, '2022-02-06 23:22:09', '2022-02-06 23:22:09'),
(2, 'العامل المشترك الاكبر', 2, 1, '2022-02-05', 10.00, 5.00, '2022-02-09 17:26:07', '2022-02-09 17:26:07'),
(3, 'الضرب المتكرر في ن', 1, 1, '2022-02-09', 20.00, 10.00, '2022-02-09 23:08:37', '2022-02-09 23:08:37'),
(4, 'المصفوفات', 4, 1, '2022-02-10', 20.00, 10.00, '2022-02-10 17:22:57', '2022-02-10 17:22:57'),
(5, 'القوي الصحيحة غير السالبة', 1, 1, '2022-02-13', 25.00, 12.00, '2022-02-13 23:14:10', '2022-02-13 23:14:10');

-- --------------------------------------------------------

--
-- Table structure for table `exam_attindances`
--

CREATE TABLE `exam_attindances` (
  `id` bigint(20) UNSIGNED NOT NULL,
  `student_id` bigint(20) UNSIGNED DEFAULT NULL,
  `exam_id` bigint(20) UNSIGNED DEFAULT NULL,
  `degree` double(8,2) DEFAULT NULL,
  `created_at` timestamp NULL DEFAULT NULL,
  `updated_at` timestamp NULL DEFAULT NULL
) ENGINE=InnoDB DEFAULT CHARSET=utf8mb4 COLLATE=utf8mb4_unicode_ci;

--
-- Dumping data for table `exam_attindances`
--

INSERT INTO `exam_attindances` (`id`, `student_id`, `exam_id`, `degree`, `created_at`, `updated_at`) VALUES
(1, 6, 1, 9.00, '2022-02-06 23:22:55', '2022-02-06 23:22:55'),
(2, 5, 1, 10.00, '2022-02-06 23:24:17', '2022-02-06 23:24:17'),
(3, 3, 1, 0.00, '2022-02-06 23:24:35', '2022-02-06 23:24:35'),
(4, 4, 1, 0.00, '2022-02-06 23:25:01', '2022-02-06 23:25:01'),
(5, 4, 1, 0.00, '2022-02-06 23:25:02', '2022-02-06 23:25:02'),
(6, 9, 1, 10.00, '2022-02-06 23:25:53', '2022-02-06 23:25:53'),
(7, 12, 1, 10.00, '2022-02-06 23:26:28', '2022-02-06 23:26:28'),
(8, 55, 1, 10.00, '2022-02-06 23:26:52', '2022-02-06 23:26:52'),
(9, 7, 1, 10.00, '2022-02-06 23:27:22', '2022-02-06 23:27:22'),
(10, 8, 1, 8.00, '2022-02-06 23:27:51', '2022-02-06 23:27:51'),
(11, 11, 1, 10.00, '2022-02-06 23:28:11', '2022-02-06 23:28:11'),
(12, 15, 1, 10.00, '2022-02-06 23:29:17', '2022-02-06 23:29:17'),
(13, 14, 1, 10.00, '2022-02-06 23:29:52', '2022-02-06 23:29:52'),
(14, 20, 1, 10.00, '2022-02-06 23:30:27', '2022-02-06 23:30:27'),
(15, 21, 1, 10.00, '2022-02-06 23:30:52', '2022-02-06 23:30:52'),
(16, 18, 1, 8.00, '2022-02-06 23:31:54', '2022-02-06 23:31:54'),
(17, 19, 1, 8.00, '2022-02-06 23:32:24', '2022-02-06 23:32:24'),
(18, 17, 1, 10.00, '2022-02-06 23:32:48', '2022-02-06 23:32:48'),
(19, 16, 1, 10.00, '2022-02-06 23:33:12', '2022-02-06 23:33:12'),
(20, 13, 1, 0.00, '2022-02-06 23:33:30', '2022-02-06 23:33:30'),
(21, 48, 2, 9.00, '2022-02-09 17:45:20', '2022-02-09 17:45:20'),
(22, 41, 2, 9.00, '2022-02-09 17:45:38', '2022-02-09 17:45:38'),
(23, 43, 2, 9.00, '2022-02-09 17:46:36', '2022-02-09 17:46:36'),
(24, 35, 2, 9.00, '2022-02-09 17:46:51', '2022-02-09 17:46:51'),
(25, 36, 2, 7.50, '2022-02-09 17:48:16', '2022-02-09 17:48:16'),
(26, 45, 2, 7.50, '2022-02-09 17:48:56', '2022-02-09 17:48:56'),
(27, 49, 2, 9.00, '2022-02-09 17:50:06', '2022-02-09 17:50:06'),
(28, 47, 2, 10.00, '2022-02-09 17:50:23', '2022-02-09 17:50:23'),
(29, 39, 2, 9.00, '2022-02-09 17:51:02', '2022-02-09 17:51:02'),
(30, 34, 2, 10.00, '2022-02-09 17:51:30', '2022-02-09 17:51:30'),
(31, 50, 2, 8.00, '2022-02-09 17:52:57', '2022-02-09 17:52:57'),
(32, 44, 2, 9.00, '2022-02-09 17:55:04', '2022-02-09 17:55:04'),
(33, 9, 3, 15.00, '2022-02-09 23:09:30', '2022-02-09 23:09:30'),
(34, 6, 3, 16.00, '2022-02-09 23:11:06', '2022-02-09 23:11:06'),
(35, 5, 3, 17.00, '2022-02-09 23:11:34', '2022-02-09 23:11:34'),
(36, 3, 3, 3.00, '2022-02-09 23:12:20', '2022-02-09 23:12:20'),
(37, 4, 3, 5.00, '2022-02-09 23:15:05', '2022-02-09 23:15:05'),
(38, 54, 3, 0.00, '2022-02-09 23:17:17', '2022-02-09 23:17:17'),
(39, 11, 3, 19.00, '2022-02-09 23:18:07', '2022-02-09 23:19:21'),
(40, 10, 3, 16.00, '2022-02-09 23:18:29', '2022-02-09 23:18:29'),
(41, 20, 3, 19.00, '2022-02-09 23:19:06', '2022-02-09 23:19:06'),
(42, 21, 3, 15.00, '2022-02-09 23:19:35', '2022-02-09 23:19:35'),
(43, 8, 3, 18.00, '2022-02-09 23:19:57', '2022-02-09 23:19:57'),
(44, 17, 3, 19.00, '2022-02-09 23:20:14', '2022-02-09 23:20:14'),
(45, 18, 3, 17.00, '2022-02-09 23:20:28', '2022-02-09 23:20:28'),
(46, 19, 3, 19.00, '2022-02-09 23:20:43', '2022-02-09 23:20:43'),
(47, 13, 3, 15.00, '2022-02-09 23:21:09', '2022-02-09 23:21:09'),
(48, 7, 3, 19.00, '2022-02-09 23:21:25', '2022-02-09 23:21:25'),
(49, 15, 3, 19.00, '2022-02-09 23:22:09', '2022-02-09 23:22:09'),
(50, 14, 3, 19.00, '2022-02-09 23:22:22', '2022-02-09 23:22:22'),
(51, 16, 3, 20.00, '2022-02-09 23:22:43', '2022-02-09 23:22:43'),
(52, 87, 4, 19.00, '2022-02-10 17:23:59', '2022-02-10 17:23:59'),
(53, 6, 5, 20.00, '2022-02-13 23:19:40', '2022-02-13 23:19:40'),
(54, 5, 5, 18.00, '2022-02-13 23:22:04', '2022-02-13 23:22:04'),
(55, 4, 5, 10.00, '2022-02-13 23:22:56', '2022-02-13 23:22:56'),
(56, 3, 5, 0.00, '2022-02-13 23:24:38', '2022-02-13 23:24:38'),
(57, 56, 5, 0.00, '2022-02-13 23:25:12', '2022-02-13 23:25:12'),
(58, 54, 5, 0.00, '2022-02-13 23:26:10', '2022-02-13 23:26:10'),
(59, 57, 5, 0.00, '2022-02-13 23:26:47', '2022-02-13 23:26:47'),
(60, 8, 5, 21.00, '2022-02-13 23:27:25', '2022-02-13 23:27:25'),
(61, 21, 5, 19.00, '2022-02-13 23:27:42', '2022-02-13 23:27:42'),
(62, 7, 5, 25.00, '2022-02-13 23:28:11', '2022-02-13 23:28:11'),
(63, 14, 5, 25.00, '2022-02-13 23:28:28', '2022-02-13 23:28:28'),
(64, 11, 5, 19.00, '2022-02-13 23:28:43', '2022-02-13 23:28:43'),
(65, 15, 5, 25.00, '2022-02-13 23:28:57', '2022-02-13 23:28:57'),
(66, 13, 5, 13.00, '2022-02-13 23:29:23', '2022-02-13 23:29:23'),
(67, 18, 5, 11.00, '2022-02-13 23:29:49', '2022-02-13 23:29:49'),
(68, 9, 5, 22.00, '2022-02-13 23:30:04', '2022-02-13 23:30:04'),
(69, 19, 5, 21.00, '2022-02-13 23:30:25', '2022-02-13 23:30:25'),
(70, 10, 5, 25.00, '2022-02-13 23:30:46', '2022-02-13 23:30:46'),
(71, 20, 5, 19.00, '2022-02-13 23:31:05', '2022-02-13 23:31:05'),
(72, 12, 5, 16.00, '2022-02-13 23:31:24', '2022-02-13 23:31:24'),
(73, 17, 5, 16.00, '2022-02-13 23:31:59', '2022-02-13 23:31:59'),
(74, 16, 5, 23.00, '2022-02-13 23:32:28', '2022-02-13 23:32:28'),
(75, 55, 5, 8.00, '2022-02-13 23:33:19', '2022-02-13 23:33:19');

-- --------------------------------------------------------

--
-- Table structure for table `expences`
--

CREATE TABLE `expences` (
  `id` bigint(20) UNSIGNED NOT NULL,
  `name` varchar(255) COLLATE utf8mb4_unicode_ci NOT NULL,
  `reason` varchar(255) COLLATE utf8mb4_unicode_ci DEFAULT NULL,
  `amount` decimal(8,2) NOT NULL,
  `date` date DEFAULT NULL,
  `created_at` timestamp NULL DEFAULT NULL,
  `updated_at` timestamp NULL DEFAULT NULL
) ENGINE=InnoDB DEFAULT CHARSET=utf8mb4 COLLATE=utf8mb4_unicode_ci;

-- --------------------------------------------------------

--
-- Table structure for table `failed_jobs`
--

CREATE TABLE `failed_jobs` (
  `id` bigint(20) UNSIGNED NOT NULL,
  `uuid` varchar(255) COLLATE utf8mb4_unicode_ci NOT NULL,
  `connection` text COLLATE utf8mb4_unicode_ci NOT NULL,
  `queue` text COLLATE utf8mb4_unicode_ci NOT NULL,
  `payload` longtext COLLATE utf8mb4_unicode_ci NOT NULL,
  `exception` longtext COLLATE utf8mb4_unicode_ci NOT NULL,
  `failed_at` timestamp NOT NULL DEFAULT CURRENT_TIMESTAMP
) ENGINE=InnoDB DEFAULT CHARSET=utf8mb4 COLLATE=utf8mb4_unicode_ci;

-- --------------------------------------------------------

--
-- Table structure for table `groups`
--

CREATE TABLE `groups` (
  `id` bigint(20) UNSIGNED NOT NULL,
  `name` varchar(255) COLLATE utf8mb4_unicode_ci NOT NULL,
  `level_id` bigint(20) UNSIGNED DEFAULT NULL,
  `time_id` bigint(20) UNSIGNED DEFAULT NULL,
  `created_at` timestamp NULL DEFAULT NULL,
  `updated_at` timestamp NULL DEFAULT NULL
) ENGINE=InnoDB DEFAULT CHARSET=utf8mb4 COLLATE=utf8mb4_unicode_ci;

--
-- Dumping data for table `groups`
--

INSERT INTO `groups` (`id`, `name`, `level_id`, `time_id`, `created_at`, `updated_at`) VALUES
(1, 'مجموعة أريمون', 1, 1, '2022-02-02 00:19:23', '2022-02-02 00:19:23'),
(2, 'مجموعة أريمون', 2, 4, '2022-02-02 00:19:38', '2022-02-02 00:19:38'),
(3, 'مجموعة أريمون', 3, 2, '2022-02-02 00:19:46', '2022-02-02 00:19:46'),
(5, 'مجموعة أريمون', 4, 5, '2022-02-02 00:22:18', '2022-02-02 00:22:18'),
(7, 'مجموعة اريمون', 5, 9, '2022-02-08 20:28:44', '2022-02-12 21:22:10'),
(8, 'مجموعة اريمون', 6, 8, '2022-02-08 20:30:16', '2022-02-08 20:30:16');

-- --------------------------------------------------------

--
-- Table structure for table `homework`
--

CREATE TABLE `homework` (
  `id` bigint(20) UNSIGNED NOT NULL,
  `name` varchar(255) COLLATE utf8mb4_unicode_ci NOT NULL,
  `level_id` bigint(20) UNSIGNED DEFAULT NULL,
  `group_id` bigint(20) UNSIGNED DEFAULT NULL,
  `deadline` date NOT NULL,
  `created_at` timestamp NULL DEFAULT NULL,
  `updated_at` timestamp NULL DEFAULT NULL
) ENGINE=InnoDB DEFAULT CHARSET=utf8mb4 COLLATE=utf8mb4_unicode_ci;

--
-- Dumping data for table `homework`
--

INSERT INTO `homework` (`id`, `name`, `level_id`, `group_id`, `deadline`, `created_at`, `updated_at`) VALUES
(1, 'احمد', 1, 1, '2022-02-13', '2022-02-14 03:49:24', '2022-02-14 03:49:24'),
(2, 'جمع وطرح المصفوفات', 4, 5, '2022-02-14', '2022-02-14 16:55:06', '2022-02-14 16:55:06'),
(3, 'تحليل المقدار الثلاثي المربع الكامل', 2, 2, '2022-02-16', '2022-02-16 17:05:11', '2022-02-16 17:05:11'),
(4, 'المضلع', 1, 1, '2022-02-16', '2022-02-16 22:54:52', '2022-02-16 22:54:52'),
(5, 'ضرب المصفوفات', 4, 5, '2022-02-17', '2022-02-18 18:45:56', '2022-02-18 18:45:56'),
(6, 'تساوي مساحتي متوازي اضلاع', 2, 2, '2022-02-19', '2022-02-19 18:03:23', '2022-02-19 18:03:23'),
(7, 'القوه الصحيحه السالبه', 1, 1, '2022-02-20', '2022-02-20 23:17:28', '2022-02-20 23:17:28'),
(8, 'متوازي الاضلاع', 1, 1, '2022-02-23', '2022-02-20 23:35:45', '2022-02-20 23:35:45'),
(9, 'تحليل الفرق بين مربعين', 2, 2, '2022-02-22', '2022-02-22 23:16:13', '2022-02-22 23:16:13'),
(10, 'المحددات', 4, 5, '2022-02-24', '2022-02-24 17:02:55', '2022-02-24 17:02:55');

-- --------------------------------------------------------

--
-- Table structure for table `homework_solutions`
--

CREATE TABLE `homework_solutions` (
  `id` bigint(20) UNSIGNED NOT NULL,
  `student_id` bigint(20) UNSIGNED DEFAULT NULL,
  `homework_id` bigint(20) UNSIGNED DEFAULT NULL,
  `degree` double(8,2) DEFAULT NULL,
  `solved_at` date NOT NULL,
  `created_at` timestamp NULL DEFAULT NULL,
  `updated_at` timestamp NULL DEFAULT NULL
) ENGINE=InnoDB DEFAULT CHARSET=utf8mb4 COLLATE=utf8mb4_unicode_ci;

--
-- Dumping data for table `homework_solutions`
--

INSERT INTO `homework_solutions` (`id`, `student_id`, `homework_id`, `degree`, `solved_at`, `created_at`, `updated_at`) VALUES
(1, 59, 2, 0.00, '2022-02-14', '2022-02-14 17:16:47', '2022-02-14 17:16:47'),
(2, 60, 2, 0.00, '2022-02-14', '2022-02-14 17:16:47', '2022-02-14 17:16:47'),
(3, 61, 2, 0.00, '2022-02-14', '2022-02-14 17:16:47', '2022-02-14 17:16:47'),
(4, 62, 2, 0.00, '2022-02-14', '2022-02-14 17:16:47', '2022-02-14 17:16:47'),
(5, 63, 2, 0.00, '2022-02-14', '2022-02-14 17:16:47', '2022-02-14 17:16:47'),
(6, 65, 2, 15.00, '2022-02-14', '2022-02-14 17:16:47', '2022-02-14 17:16:47'),
(7, 66, 2, 14.00, '2022-02-14', '2022-02-14 17:16:47', '2022-02-14 17:16:47'),
(8, 67, 2, 0.00, '2022-02-14', '2022-02-14 17:16:47', '2022-02-14 17:16:47'),
(9, 68, 2, NULL, '2022-02-14', '2022-02-14 17:16:47', '2022-02-14 17:16:47'),
(10, 69, 2, 15.00, '2022-02-14', '2022-02-14 17:16:48', '2022-02-14 17:16:48'),
(11, 70, 2, 15.00, '2022-02-14', '2022-02-14 17:16:48', '2022-02-14 17:16:48'),
(12, 87, 2, 15.00, '2022-02-14', '2022-02-14 17:16:48', '2022-02-14 17:16:48'),
(13, 88, 2, 0.00, '2022-02-14', '2022-02-14 17:16:48', '2022-02-14 17:16:48'),
(14, 89, 2, NULL, '2022-02-14', '2022-02-14 17:16:48', '2022-02-14 17:16:48'),
(15, 94, 2, 0.00, '2022-02-14', '2022-02-14 17:16:48', '2022-02-14 17:16:48'),
(16, 95, 2, 0.00, '2022-02-14', '2022-02-14 17:16:48', '2022-02-14 17:16:48'),
(17, 96, 2, 0.00, '2022-02-14', '2022-02-14 17:16:48', '2022-02-14 17:16:48'),
(18, 97, 2, 0.00, '2022-02-14', '2022-02-14 17:16:48', '2022-02-14 17:16:48'),
(19, 98, 2, 0.00, '2022-02-14', '2022-02-14 17:16:48', '2022-02-14 17:16:48'),
(20, 3, 1, 0.00, '2022-02-15', '2022-02-15 17:59:36', '2022-02-15 17:59:36'),
(21, 4, 1, NULL, '2022-02-15', '2022-02-15 17:59:36', '2022-02-15 17:59:36'),
(22, 5, 1, NULL, '2022-02-15', '2022-02-15 17:59:36', '2022-02-15 17:59:36'),
(23, 6, 1, NULL, '2022-02-15', '2022-02-15 17:59:36', '2022-02-15 17:59:36'),
(24, 7, 1, NULL, '2022-02-15', '2022-02-15 17:59:36', '2022-02-15 17:59:36'),
(25, 8, 1, NULL, '2022-02-15', '2022-02-15 17:59:36', '2022-02-15 17:59:36'),
(26, 9, 1, NULL, '2022-02-15', '2022-02-15 17:59:36', '2022-02-15 17:59:36'),
(27, 10, 1, NULL, '2022-02-15', '2022-02-15 17:59:36', '2022-02-15 17:59:36'),
(28, 11, 1, NULL, '2022-02-15', '2022-02-15 17:59:36', '2022-02-15 17:59:36'),
(29, 12, 1, NULL, '2022-02-15', '2022-02-15 17:59:36', '2022-02-15 17:59:36'),
(30, 13, 1, NULL, '2022-02-15', '2022-02-15 17:59:36', '2022-02-15 17:59:36'),
(31, 14, 1, NULL, '2022-02-15', '2022-02-15 17:59:36', '2022-02-15 17:59:36'),
(32, 15, 1, NULL, '2022-02-15', '2022-02-15 17:59:36', '2022-02-15 17:59:36'),
(33, 16, 1, NULL, '2022-02-15', '2022-02-15 17:59:36', '2022-02-15 17:59:36'),
(34, 17, 1, NULL, '2022-02-15', '2022-02-15 17:59:36', '2022-02-15 17:59:36'),
(35, 18, 1, NULL, '2022-02-15', '2022-02-15 17:59:36', '2022-02-15 17:59:36'),
(36, 19, 1, NULL, '2022-02-15', '2022-02-15 17:59:36', '2022-02-15 17:59:36'),
(37, 20, 1, NULL, '2022-02-15', '2022-02-15 17:59:36', '2022-02-15 17:59:36'),
(38, 21, 1, NULL, '2022-02-15', '2022-02-15 17:59:36', '2022-02-15 17:59:36'),
(39, 54, 1, NULL, '2022-02-15', '2022-02-15 17:59:36', '2022-02-15 17:59:36'),
(40, 55, 1, NULL, '2022-02-15', '2022-02-15 17:59:36', '2022-02-15 17:59:36'),
(41, 56, 1, NULL, '2022-02-15', '2022-02-15 17:59:36', '2022-02-15 17:59:36'),
(42, 57, 1, NULL, '2022-02-15', '2022-02-15 17:59:36', '2022-02-15 17:59:36'),
(43, 86, 1, NULL, '2022-02-15', '2022-02-15 17:59:36', '2022-02-15 17:59:36'),
(44, 93, 1, NULL, '2022-02-15', '2022-02-15 17:59:36', '2022-02-15 17:59:36'),
(45, 22, 3, NULL, '2022-02-16', '2022-02-16 17:26:31', '2022-02-16 17:26:31'),
(46, 24, 3, NULL, '2022-02-16', '2022-02-16 17:26:31', '2022-02-16 17:26:31'),
(47, 25, 3, 16.00, '2022-02-16', '2022-02-16 17:26:31', '2022-02-16 17:26:31'),
(48, 26, 3, 19.00, '2022-02-16', '2022-02-16 17:26:31', '2022-02-16 17:26:31'),
(49, 28, 3, 20.00, '2022-02-16', '2022-02-16 17:26:31', '2022-02-16 17:26:31'),
(50, 29, 3, 13.00, '2022-02-16', '2022-02-16 17:26:31', '2022-02-16 17:26:31'),
(51, 30, 3, NULL, '2022-02-16', '2022-02-16 17:26:31', '2022-02-16 17:26:31'),
(52, 31, 3, 16.00, '2022-02-16', '2022-02-16 17:26:31', '2022-02-16 17:26:31'),
(53, 32, 3, 18.00, '2022-02-16', '2022-02-16 17:26:31', '2022-02-16 17:26:31'),
(54, 33, 3, 19.00, '2022-02-16', '2022-02-16 17:26:31', '2022-02-16 17:26:31'),
(55, 34, 3, 18.00, '2022-02-16', '2022-02-16 17:26:31', '2022-02-16 17:26:31'),
(56, 35, 3, 13.00, '2022-02-16', '2022-02-16 17:26:31', '2022-02-16 17:26:31'),
(57, 36, 3, 17.00, '2022-02-16', '2022-02-16 17:26:31', '2022-02-16 17:26:31'),
(58, 37, 3, 19.00, '2022-02-16', '2022-02-16 17:26:31', '2022-02-16 17:26:31'),
(59, 38, 3, NULL, '2022-02-16', '2022-02-16 17:26:31', '2022-02-16 17:26:31'),
(60, 39, 3, 0.00, '2022-02-16', '2022-02-16 17:26:31', '2022-02-16 17:26:31'),
(61, 40, 3, NULL, '2022-02-16', '2022-02-16 17:26:31', '2022-02-16 17:26:31'),
(62, 41, 3, 0.00, '2022-02-16', '2022-02-16 17:26:32', '2022-02-16 17:26:32'),
(63, 42, 3, 8.00, '2022-02-16', '2022-02-16 17:26:32', '2022-02-16 17:26:32'),
(64, 43, 3, 13.00, '2022-02-16', '2022-02-16 17:26:32', '2022-02-16 17:26:32'),
(65, 44, 3, 8.00, '2022-02-16', '2022-02-16 17:26:32', '2022-02-16 17:26:32'),
(66, 45, 3, 15.00, '2022-02-16', '2022-02-16 17:26:32', '2022-02-16 17:26:32'),
(67, 46, 3, 17.00, '2022-02-16', '2022-02-16 17:26:32', '2022-02-16 17:26:32'),
(68, 47, 3, 17.00, '2022-02-16', '2022-02-16 17:26:32', '2022-02-16 17:26:32'),
(69, 49, 3, 17.00, '2022-02-16', '2022-02-16 17:26:32', '2022-02-16 17:26:32'),
(70, 83, 3, NULL, '2022-02-16', '2022-02-16 17:26:32', '2022-02-16 17:26:32'),
(71, NULL, 3, NULL, '2022-02-16', '2022-02-16 17:26:32', '2022-02-16 17:26:32'),
(72, 85, 3, NULL, '2022-02-16', '2022-02-16 17:26:32', '2022-02-16 17:26:32'),
(73, 3, 4, 6.00, '2022-02-16', '2022-02-16 23:02:44', '2022-02-16 23:17:00'),
(74, 4, 4, 13.00, '2022-02-16', '2022-02-16 23:02:44', '2022-02-16 23:17:00'),
(75, 5, 4, NULL, '2022-02-16', '2022-02-16 23:02:44', '2022-02-16 23:17:00'),
(76, 6, 4, 16.00, '2022-02-16', '2022-02-16 23:02:44', '2022-02-16 23:17:00'),
(77, 7, 4, NULL, '2022-02-16', '2022-02-16 23:02:44', '2022-02-16 23:17:00'),
(78, 8, 4, 19.00, '2022-02-16', '2022-02-16 23:02:44', '2022-02-16 23:17:00'),
(79, 9, 4, 18.00, '2022-02-16', '2022-02-16 23:02:44', '2022-02-16 23:17:00'),
(80, 10, 4, 19.00, '2022-02-16', '2022-02-16 23:02:44', '2022-02-16 23:17:00'),
(81, 11, 4, 19.00, '2022-02-16', '2022-02-16 23:02:44', '2022-02-16 23:17:00'),
(82, 12, 4, 16.00, '2022-02-16', '2022-02-16 23:02:44', '2022-02-16 23:17:00'),
(83, 13, 4, NULL, '2022-02-16', '2022-02-16 23:02:44', '2022-02-16 23:17:00'),
(84, 14, 4, 17.00, '2022-02-16', '2022-02-16 23:02:44', '2022-02-16 23:17:00'),
(85, 15, 4, 17.00, '2022-02-16', '2022-02-16 23:02:44', '2022-02-16 23:17:00'),
(86, 16, 4, 19.00, '2022-02-16', '2022-02-16 23:02:44', '2022-02-16 23:17:00'),
(87, 17, 4, NULL, '2022-02-16', '2022-02-16 23:02:44', '2022-02-16 23:17:00'),
(88, 18, 4, 19.00, '2022-02-16', '2022-02-16 23:02:44', '2022-02-16 23:17:00'),
(89, 19, 4, 20.00, '2022-02-16', '2022-02-16 23:02:44', '2022-02-16 23:17:00'),
(90, 20, 4, 18.00, '2022-02-16', '2022-02-16 23:02:44', '2022-02-16 23:17:00'),
(91, 21, 4, NULL, '2022-02-16', '2022-02-16 23:02:44', '2022-02-16 23:17:00'),
(92, 54, 4, 7.00, '2022-02-16', '2022-02-16 23:02:44', '2022-02-16 23:17:00'),
(93, 55, 4, 7.00, '2022-02-16', '2022-02-16 23:02:44', '2022-02-16 23:17:00'),
(94, 56, 4, NULL, '2022-02-16', '2022-02-16 23:02:44', '2022-02-16 23:17:00'),
(95, 57, 4, 10.00, '2022-02-16', '2022-02-16 23:02:44', '2022-02-16 23:17:00'),
(96, 86, 4, NULL, '2022-02-16', '2022-02-16 23:02:44', '2022-02-16 23:17:00'),
(97, 93, 4, 18.00, '2022-02-16', '2022-02-16 23:02:44', '2022-02-16 23:17:00'),
(98, 59, 5, 0.00, '2022-02-18', '2022-02-18 18:59:17', '2022-02-18 18:59:17'),
(99, 60, 5, 0.00, '2022-02-18', '2022-02-18 18:59:17', '2022-02-18 18:59:17'),
(100, 61, 5, 0.00, '2022-02-18', '2022-02-18 18:59:17', '2022-02-18 18:59:17'),
(101, 62, 5, NULL, '2022-02-18', '2022-02-18 18:59:17', '2022-02-18 18:59:17'),
(102, 63, 5, 0.00, '2022-02-18', '2022-02-18 18:59:17', '2022-02-18 18:59:17'),
(103, 65, 5, 20.00, '2022-02-18', '2022-02-18 18:59:17', '2022-02-18 18:59:17'),
(104, 66, 5, 20.00, '2022-02-18', '2022-02-18 18:59:17', '2022-02-18 18:59:17'),
(105, 67, 5, 20.00, '2022-02-18', '2022-02-18 18:59:17', '2022-02-18 18:59:17'),
(106, 68, 5, NULL, '2022-02-18', '2022-02-18 18:59:17', '2022-02-18 18:59:17'),
(107, 69, 5, NULL, '2022-02-18', '2022-02-18 18:59:17', '2022-02-18 18:59:17'),
(108, 70, 5, 20.00, '2022-02-18', '2022-02-18 18:59:17', '2022-02-18 18:59:17'),
(109, 87, 5, 20.00, '2022-02-18', '2022-02-18 18:59:17', '2022-02-18 18:59:17'),
(110, 88, 5, 20.00, '2022-02-18', '2022-02-18 18:59:17', '2022-02-18 18:59:17'),
(111, 89, 5, 0.00, '2022-02-18', '2022-02-18 18:59:17', '2022-02-18 18:59:17'),
(112, 94, 5, 0.00, '2022-02-18', '2022-02-18 18:59:17', '2022-02-18 18:59:17'),
(113, 95, 5, NULL, '2022-02-18', '2022-02-18 18:59:17', '2022-02-18 18:59:17'),
(114, 96, 5, 0.00, '2022-02-18', '2022-02-18 18:59:17', '2022-02-18 18:59:17'),
(115, 97, 5, NULL, '2022-02-18', '2022-02-18 18:59:17', '2022-02-18 18:59:17'),
(116, 98, 5, 0.00, '2022-02-18', '2022-02-18 18:59:17', '2022-02-18 18:59:17'),
(117, 22, 6, NULL, '2022-02-19', '2022-02-19 18:14:29', '2022-02-19 18:14:29'),
(118, 24, 6, NULL, '2022-02-19', '2022-02-19 18:14:29', '2022-02-19 18:14:29'),
(119, 25, 6, NULL, '2022-02-19', '2022-02-19 18:14:29', '2022-02-19 18:14:29'),
(120, 26, 6, 15.00, '2022-02-19', '2022-02-19 18:14:29', '2022-02-19 18:14:29'),
(121, 28, 6, 15.00, '2022-02-19', '2022-02-19 18:14:29', '2022-02-19 18:14:29'),
(122, 29, 6, 12.00, '2022-02-19', '2022-02-19 18:14:29', '2022-02-19 18:14:29'),
(123, 30, 6, NULL, '2022-02-19', '2022-02-19 18:14:29', '2022-02-19 18:14:29'),
(124, 31, 6, 10.00, '2022-02-19', '2022-02-19 18:14:29', '2022-02-19 18:14:29'),
(125, 32, 6, 14.00, '2022-02-19', '2022-02-19 18:14:29', '2022-02-19 18:14:29'),
(126, 33, 6, 15.00, '2022-02-19', '2022-02-19 18:14:29', '2022-02-19 18:14:29'),
(127, 34, 6, 15.00, '2022-02-19', '2022-02-19 18:14:29', '2022-02-19 18:14:29'),
(128, 35, 6, 9.00, '2022-02-19', '2022-02-19 18:14:29', '2022-02-19 18:14:29'),
(129, 36, 6, 9.00, '2022-02-19', '2022-02-19 18:14:29', '2022-02-19 18:14:29'),
(130, 37, 6, 15.00, '2022-02-19', '2022-02-19 18:14:29', '2022-02-19 18:14:29'),
(131, 38, 6, NULL, '2022-02-19', '2022-02-19 18:14:29', '2022-02-19 18:14:29'),
(132, 39, 6, NULL, '2022-02-19', '2022-02-19 18:14:29', '2022-02-19 18:14:29'),
(133, 40, 6, 10.00, '2022-02-19', '2022-02-19 18:14:29', '2022-02-19 18:14:29'),
(134, 41, 6, NULL, '2022-02-19', '2022-02-19 18:14:29', '2022-02-19 18:14:29'),
(135, 42, 6, 11.00, '2022-02-19', '2022-02-19 18:14:29', '2022-02-19 18:14:29'),
(136, 43, 6, NULL, '2022-02-19', '2022-02-19 18:14:30', '2022-02-19 18:14:30'),
(137, 44, 6, 10.00, '2022-02-19', '2022-02-19 18:14:30', '2022-02-19 18:14:30'),
(138, 45, 6, 12.00, '2022-02-19', '2022-02-19 18:14:30', '2022-02-19 18:14:30'),
(139, 46, 6, 13.00, '2022-02-19', '2022-02-19 18:14:30', '2022-02-19 18:14:30'),
(140, 47, 6, 14.00, '2022-02-19', '2022-02-19 18:14:30', '2022-02-19 18:14:30'),
(141, 49, 6, 15.00, '2022-02-19', '2022-02-19 18:14:30', '2022-02-19 18:14:30'),
(142, 83, 6, NULL, '2022-02-19', '2022-02-19 18:14:30', '2022-02-19 18:14:30'),
(143, NULL, 6, NULL, '2022-02-19', '2022-02-19 18:14:30', '2022-02-19 18:14:30'),
(144, 85, 6, 13.00, '2022-02-19', '2022-02-19 18:14:30', '2022-02-19 18:14:30'),
(145, 3, 7, 3.00, '2022-02-20', '2022-02-20 23:30:56', '2022-02-20 23:30:56'),
(146, 4, 7, 11.00, '2022-02-20', '2022-02-20 23:30:56', '2022-02-20 23:30:56'),
(147, 5, 7, NULL, '2022-02-20', '2022-02-20 23:30:56', '2022-02-20 23:30:56'),
(148, 6, 7, 18.00, '2022-02-20', '2022-02-20 23:30:56', '2022-02-20 23:30:56'),
(149, 7, 7, NULL, '2022-02-20', '2022-02-20 23:30:56', '2022-02-20 23:30:56'),
(150, 8, 7, 25.00, '2022-02-20', '2022-02-20 23:30:56', '2022-02-20 23:30:56'),
(151, 9, 7, 25.00, '2022-02-20', '2022-02-20 23:30:56', '2022-02-20 23:30:56'),
(152, 10, 7, 26.00, '2022-02-20', '2022-02-20 23:30:56', '2022-02-20 23:30:56'),
(153, 11, 7, 23.00, '2022-02-20', '2022-02-20 23:30:56', '2022-02-20 23:30:56'),
(154, 12, 7, 25.00, '2022-02-20', '2022-02-20 23:30:56', '2022-02-20 23:30:56'),
(155, 13, 7, 24.00, '2022-02-20', '2022-02-20 23:30:56', '2022-02-20 23:30:56'),
(156, 14, 7, 26.00, '2022-02-20', '2022-02-20 23:30:56', '2022-02-20 23:30:56'),
(157, 15, 7, 26.00, '2022-02-20', '2022-02-20 23:30:56', '2022-02-20 23:30:56'),
(158, 16, 7, 25.00, '2022-02-20', '2022-02-20 23:30:56', '2022-02-20 23:30:56'),
(159, 17, 7, 25.00, '2022-02-20', '2022-02-20 23:30:56', '2022-02-20 23:30:56'),
(160, 18, 7, 24.00, '2022-02-20', '2022-02-20 23:30:56', '2022-02-20 23:30:56'),
(161, 19, 7, 25.00, '2022-02-20', '2022-02-20 23:30:56', '2022-02-20 23:30:56'),
(162, 20, 7, 24.00, '2022-02-20', '2022-02-20 23:30:56', '2022-02-20 23:30:56'),
(163, 21, 7, NULL, '2022-02-20', '2022-02-20 23:30:56', '2022-02-20 23:30:56'),
(164, 54, 7, 0.00, '2022-02-20', '2022-02-20 23:30:56', '2022-02-20 23:30:56'),
(165, 55, 7, 7.00, '2022-02-20', '2022-02-20 23:30:56', '2022-02-20 23:30:56'),
(166, 56, 7, NULL, '2022-02-20', '2022-02-20 23:30:56', '2022-02-20 23:30:56'),
(167, 57, 7, 6.00, '2022-02-20', '2022-02-20 23:30:56', '2022-02-20 23:30:56'),
(169, 86, 7, NULL, '2022-02-20', '2022-02-20 23:30:56', '2022-02-20 23:30:56'),
(170, 93, 7, 22.00, '2022-02-20', '2022-02-20 23:30:56', '2022-02-20 23:30:56'),
(171, 99, 7, 8.00, '2022-02-20', '2022-02-20 23:30:56', '2022-02-20 23:30:56'),
(172, 22, 9, NULL, '2022-02-22', '2022-02-22 23:33:04', '2022-02-22 23:33:04'),
(173, 24, 9, NULL, '2022-02-22', '2022-02-22 23:33:04', '2022-02-22 23:33:04'),
(174, 25, 9, 25.00, '2022-02-22', '2022-02-22 23:33:04', '2022-02-22 23:33:04'),
(175, 26, 9, 24.00, '2022-02-22', '2022-02-22 23:33:04', '2022-02-22 23:33:04'),
(176, 27, 9, NULL, '2022-02-22', '2022-02-22 23:33:05', '2022-02-22 23:33:05'),
(177, 28, 9, 24.00, '2022-02-22', '2022-02-22 23:33:05', '2022-02-22 23:33:05'),
(178, 29, 9, 20.00, '2022-02-22', '2022-02-22 23:33:05', '2022-02-22 23:33:05'),
(179, 30, 9, 17.00, '2022-02-22', '2022-02-22 23:33:05', '2022-02-22 23:33:05'),
(180, 31, 9, 20.00, '2022-02-22', '2022-02-22 23:33:05', '2022-02-22 23:33:05'),
(181, 32, 9, 24.00, '2022-02-22', '2022-02-22 23:33:05', '2022-02-22 23:33:05'),
(182, 33, 9, 24.00, '2022-02-22', '2022-02-22 23:33:05', '2022-02-22 23:33:05'),
(183, 34, 9, 25.00, '2022-02-22', '2022-02-22 23:33:05', '2022-02-22 23:33:05'),
(184, 35, 9, 0.00, '2022-02-22', '2022-02-22 23:33:05', '2022-02-22 23:33:05'),
(185, 36, 9, 20.00, '2022-02-22', '2022-02-22 23:33:05', '2022-02-22 23:33:05'),
(186, 37, 9, 24.00, '2022-02-22', '2022-02-22 23:33:05', '2022-02-22 23:33:05'),
(187, 38, 9, NULL, '2022-02-22', '2022-02-22 23:33:05', '2022-02-22 23:33:05'),
(188, 39, 9, 23.00, '2022-02-22', '2022-02-22 23:33:05', '2022-02-22 23:33:05'),
(189, 40, 9, 18.00, '2022-02-22', '2022-02-22 23:33:05', '2022-02-22 23:33:05'),
(190, 41, 9, 20.00, '2022-02-22', '2022-02-22 23:33:05', '2022-02-22 23:33:05'),
(191, 42, 9, 19.00, '2022-02-22', '2022-02-22 23:33:05', '2022-02-22 23:33:05'),
(192, 43, 9, NULL, '2022-02-22', '2022-02-22 23:33:05', '2022-02-22 23:33:05'),
(193, 44, 9, 10.00, '2022-02-22', '2022-02-22 23:33:05', '2022-02-22 23:33:05'),
(194, 45, 9, 22.00, '2022-02-22', '2022-02-22 23:33:05', '2022-02-22 23:33:05'),
(195, 46, 9, 21.00, '2022-02-22', '2022-02-22 23:33:05', '2022-02-22 23:33:05'),
(196, 47, 9, 23.00, '2022-02-22', '2022-02-22 23:33:05', '2022-02-22 23:33:05'),
(197, 48, 9, 25.00, '2022-02-22', '2022-02-22 23:33:05', '2022-02-22 23:33:05'),
(198, 49, 9, 25.00, '2022-02-22', '2022-02-22 23:33:05', '2022-02-22 23:33:05'),
(199, 50, 9, 22.00, '2022-02-22', '2022-02-22 23:33:05', '2022-02-22 23:33:05'),
(200, 83, 9, NULL, '2022-02-22', '2022-02-22 23:33:05', '2022-02-22 23:33:05'),
(201, NULL, 9, NULL, '2022-02-22', '2022-02-22 23:33:06', '2022-02-22 23:33:06'),
(202, 85, 9, 20.00, '2022-02-22', '2022-02-22 23:33:06', '2022-02-22 23:33:06'),
(203, 3, 8, 4.00, '2022-02-23', '2022-02-23 23:26:03', '2022-02-23 23:26:03'),
(204, 4, 8, 8.00, '2022-02-23', '2022-02-23 23:26:03', '2022-02-23 23:26:03'),
(205, 5, 8, NULL, '2022-02-23', '2022-02-23 23:26:03', '2022-02-23 23:26:03'),
(206, 6, 8, 8.00, '2022-02-23', '2022-02-23 23:26:03', '2022-02-23 23:26:03'),
(207, 7, 8, 10.00, '2022-02-23', '2022-02-23 23:26:03', '2022-02-23 23:26:03'),
(208, 8, 8, 8.00, '2022-02-23', '2022-02-23 23:26:03', '2022-02-23 23:26:03'),
(209, 9, 8, 10.00, '2022-02-23', '2022-02-23 23:26:03', '2022-02-23 23:26:03'),
(210, 10, 8, 10.00, '2022-02-23', '2022-02-23 23:26:03', '2022-02-23 23:26:03'),
(211, 11, 8, 4.00, '2022-02-23', '2022-02-23 23:26:03', '2022-02-23 23:26:03'),
(212, 12, 8, 6.00, '2022-02-23', '2022-02-23 23:26:03', '2022-02-23 23:26:03'),
(213, 13, 8, 7.00, '2022-02-23', '2022-02-23 23:26:04', '2022-02-23 23:26:04'),
(214, 14, 8, 10.00, '2022-02-23', '2022-02-23 23:26:04', '2022-02-23 23:26:04'),
(215, 15, 8, 10.00, '2022-02-23', '2022-02-23 23:26:04', '2022-02-23 23:26:04'),
(216, 16, 8, 10.00, '2022-02-23', '2022-02-23 23:26:04', '2022-02-23 23:26:04'),
(217, 17, 8, 9.00, '2022-02-23', '2022-02-23 23:26:04', '2022-02-23 23:26:04'),
(218, 18, 8, 7.00, '2022-02-23', '2022-02-23 23:26:04', '2022-02-23 23:26:04'),
(219, 19, 8, 8.00, '2022-02-23', '2022-02-23 23:26:04', '2022-02-23 23:26:04'),
(220, 20, 8, 10.00, '2022-02-23', '2022-02-23 23:26:04', '2022-02-23 23:26:04'),
(221, 21, 8, 4.00, '2022-02-23', '2022-02-23 23:26:04', '2022-02-23 23:26:04'),
(222, 54, 8, 0.00, '2022-02-23', '2022-02-23 23:26:04', '2022-02-23 23:26:04'),
(223, 55, 8, 7.00, '2022-02-23', '2022-02-23 23:26:04', '2022-02-23 23:26:04'),
(224, 56, 8, 0.00, '2022-02-23', '2022-02-23 23:26:04', '2022-02-23 23:26:04'),
(225, 57, 8, 5.00, '2022-02-23', '2022-02-23 23:26:04', '2022-02-23 23:26:04'),
(226, 86, 8, NULL, '2022-02-23', '2022-02-23 23:26:04', '2022-02-23 23:26:04'),
(227, 93, 8, 7.00, '2022-02-23', '2022-02-23 23:26:04', '2022-02-23 23:26:04'),
(228, 99, 8, 4.00, '2022-02-23', '2022-02-23 23:26:04', '2022-02-23 23:26:04'),
(229, 59, 10, 20.00, '2022-02-24', '2022-02-24 17:13:21', '2022-02-24 17:13:21'),
(230, 60, 10, 14.00, '2022-02-24', '2022-02-24 17:13:21', '2022-02-24 17:13:21'),
(231, 61, 10, 13.00, '2022-02-24', '2022-02-24 17:13:21', '2022-02-24 17:13:21'),
(232, 62, 10, 15.00, '2022-02-24', '2022-02-24 17:13:21', '2022-02-24 17:13:21'),
(233, 63, 10, 13.00, '2022-02-24', '2022-02-24 17:13:21', '2022-02-24 17:13:21'),
(234, 65, 10, 19.00, '2022-02-24', '2022-02-24 17:13:21', '2022-02-24 17:13:21'),
(235, 66, 10, 20.00, '2022-02-24', '2022-02-24 17:13:21', '2022-02-24 17:13:21'),
(236, 67, 10, 18.00, '2022-02-24', '2022-02-24 17:13:21', '2022-02-24 17:13:21'),
(237, 68, 10, 0.00, '2022-02-24', '2022-02-24 17:13:21', '2022-02-24 17:13:21'),
(238, 69, 10, 20.00, '2022-02-24', '2022-02-24 17:13:21', '2022-02-24 17:13:21'),
(239, 70, 10, 20.00, '2022-02-24', '2022-02-24 17:13:21', '2022-02-24 17:13:21'),
(240, 87, 10, 19.00, '2022-02-24', '2022-02-24 17:13:21', '2022-02-24 17:13:21'),
(241, 88, 10, 20.00, '2022-02-24', '2022-02-24 17:13:21', '2022-02-24 17:13:21'),
(242, 89, 10, 16.00, '2022-02-24', '2022-02-24 17:13:21', '2022-02-24 17:13:21'),
(243, 94, 10, NULL, '2022-02-24', '2022-02-24 17:13:21', '2022-02-24 17:13:21'),
(244, 95, 10, 13.00, '2022-02-24', '2022-02-24 17:13:21', '2022-02-24 17:13:21'),
(245, 96, 10, 14.00, '2022-02-24', '2022-02-24 17:13:21', '2022-02-24 17:13:21'),
(246, 97, 10, 0.00, '2022-02-24', '2022-02-24 17:13:21', '2022-02-24 17:13:21'),
(247, 98, 10, 19.00, '2022-02-24', '2022-02-24 17:13:21', '2022-02-24 17:13:21'),
(248, 100, 10, 19.00, '2022-02-24', '2022-02-24 17:13:21', '2022-02-24 17:13:21'),
(249, 102, 10, 0.00, '2022-02-24', '2022-02-24 17:13:21', '2022-02-24 17:13:21');

-- --------------------------------------------------------

--
-- Table structure for table `levels`
--

CREATE TABLE `levels` (
  `id` bigint(20) UNSIGNED NOT NULL,
  `name` varchar(255) COLLATE utf8mb4_unicode_ci NOT NULL,
  `malazem_cost` decimal(8,2) NOT NULL,
  `month_cost` decimal(8,2) NOT NULL,
  `created_at` timestamp NULL DEFAULT NULL,
  `updated_at` timestamp NULL DEFAULT NULL
) ENGINE=InnoDB DEFAULT CHARSET=utf8mb4 COLLATE=utf8mb4_unicode_ci;

--
-- Dumping data for table `levels`
--

INSERT INTO `levels` (`id`, `name`, `malazem_cost`, `month_cost`, `created_at`, `updated_at`) VALUES
(1, 'الصف الأول الاعدادي', '70.00', '50.00', '2022-02-02 00:02:46', '2022-02-02 00:02:46'),
(2, 'الصف الثاني الاعدادي', '70.00', '60.00', '2022-02-02 00:03:18', '2022-02-02 00:03:18'),
(3, 'الصف الثالث الاعدادي', '70.00', '70.00', '2022-02-02 00:11:19', '2022-02-02 00:11:19'),
(4, 'الصف الأول الثانوي', '100.00', '100.00', '2022-02-02 00:11:39', '2022-02-02 00:11:39'),
(5, 'الصف الثاني الثانوي (أدبي)', '100.00', '100.00', '2022-02-02 00:12:18', '2022-02-02 00:12:18'),
(6, 'الصف الثاني الثانوي (العلمي)', '100.00', '160.00', '2022-02-02 00:12:39', '2022-02-02 00:12:39');

-- --------------------------------------------------------

--
-- Table structure for table `migrations`
--

CREATE TABLE `migrations` (
  `id` int(10) UNSIGNED NOT NULL,
  `migration` varchar(255) COLLATE utf8mb4_unicode_ci NOT NULL,
  `batch` int(11) NOT NULL
) ENGINE=InnoDB DEFAULT CHARSET=utf8mb4 COLLATE=utf8mb4_unicode_ci;

--
-- Dumping data for table `migrations`
--

INSERT INTO `migrations` (`id`, `migration`, `batch`) VALUES
(1, '2014_10_12_000000_create_users_table', 1),
(2, '2014_10_12_100000_create_password_resets_table', 1),
(3, '2019_08_19_000000_create_failed_jobs_table', 1),
(4, '2019_12_14_000001_create_personal_access_tokens_table', 1),
(5, '2021_12_19_185654_create_levels_table', 1),
(6, '2021_12_19_185911_create_times_table', 1),
(7, '2021_12_19_190116_create_groups_table', 1),
(8, '2021_12_19_190833_create_exams_table', 1),
(9, '2021_12_19_191642_create_students_table', 1),
(10, '2021_12_19_194334_create_notes_table', 1),
(11, '2021_12_19_194628_create_payments_table', 1),
(12, '2021_12_19_200055_create_expences_table', 1),
(13, '2021_12_19_202449_create_attendances_table', 1),
(14, '2021_12_19_202625_create_exam_attindances_table', 1),
(15, '2021_12_19_204234_laratrust_setup_tables', 1),
(16, '2022_02_10_112813_create_homework_table', 2),
(17, '2022_02_10_113021_create_homework_solutions_table', 2);

-- --------------------------------------------------------

--
-- Table structure for table `months`
--

CREATE TABLE `months` (
  `id` bigint(20) UNSIGNED NOT NULL,
  `name` varchar(255) COLLATE utf8mb4_unicode_ci NOT NULL,
  `start` date NOT NULL,
  `end` date NOT NULL,
  `created_at` timestamp NULL DEFAULT NULL,
  `updated_at` timestamp NULL DEFAULT NULL
) ENGINE=InnoDB DEFAULT CHARSET=utf8mb4 COLLATE=utf8mb4_unicode_ci;

-- --------------------------------------------------------

--
-- Table structure for table `notes`
--

CREATE TABLE `notes` (
  `id` bigint(20) UNSIGNED NOT NULL,
  `student_id` bigint(20) UNSIGNED DEFAULT NULL,
  `note` text COLLATE utf8mb4_unicode_ci NOT NULL,
  `created_at` timestamp NULL DEFAULT NULL,
  `updated_at` timestamp NULL DEFAULT NULL
) ENGINE=InnoDB DEFAULT CHARSET=utf8mb4 COLLATE=utf8mb4_unicode_ci;

--
-- Dumping data for table `notes`
--

INSERT INTO `notes` (`id`, `student_id`, `note`, `created_at`, `updated_at`) VALUES
(1, 57, 'تم تسليم المذكرة لحد مايدفع أخر الشهر - ولدته  كلمتني', '2022-02-09 23:13:25', '2022-02-09 23:13:25'),
(2, 54, 'تم تسليم المذكرة وسيتم دف الفلوس لاحقا', '2022-02-09 23:25:17', '2022-02-09 23:25:17');

-- --------------------------------------------------------

--
-- Table structure for table `password_resets`
--

CREATE TABLE `password_resets` (
  `email` varchar(255) COLLATE utf8mb4_unicode_ci NOT NULL,
  `token` varchar(255) COLLATE utf8mb4_unicode_ci NOT NULL,
  `created_at` timestamp NULL DEFAULT NULL
) ENGINE=InnoDB DEFAULT CHARSET=utf8mb4 COLLATE=utf8mb4_unicode_ci;

-- --------------------------------------------------------

--
-- Table structure for table `payments`
--

CREATE TABLE `payments` (
  `id` bigint(20) UNSIGNED NOT NULL,
  `month_id` bigint(20) UNSIGNED DEFAULT NULL,
  `month_paid` decimal(8,2) NOT NULL,
  `malazem_paid` decimal(8,2) NOT NULL,
  `discount` decimal(8,2) NOT NULL DEFAULT '0.00',
  `total` decimal(8,2) NOT NULL,
  `student_id` bigint(20) UNSIGNED DEFAULT NULL,
  `created_at` timestamp NULL DEFAULT NULL,
  `updated_at` timestamp NULL DEFAULT NULL
) ENGINE=InnoDB DEFAULT CHARSET=utf8mb4 COLLATE=utf8mb4_unicode_ci;

--
-- Dumping data for table `payments`
--

INSERT INTO `payments` (`id`, `month_id`, `month_paid`, `malazem_paid`, `discount`, `total`, `student_id`, `created_at`, `updated_at`) VALUES
(1, NULL, '50.00', '0.00', '0.00', '50.00', 4, '2022-02-02 21:04:00', '2022-02-02 21:04:00'),
(3, NULL, '50.00', '0.00', '0.00', '50.00', 16, '2022-02-13 23:39:39', '2022-02-13 23:39:39'),
(4, NULL, '50.00', '0.00', '0.00', '50.00', 8, '2022-02-16 23:19:49', '2022-02-18 17:55:57'),
(5, NULL, '50.00', '0.00', '0.00', '50.00', 22, '2022-02-16 23:20:08', '2022-02-16 23:20:08'),
(6, NULL, '70.00', '0.00', '0.00', '70.00', 76, '2022-02-22 23:47:26', '2022-02-22 23:47:26'),
(7, NULL, '30.00', '0.00', '0.00', '30.00', 104, '2022-02-22 23:48:11', '2022-02-22 23:48:11'),
(8, NULL, '50.00', '0.00', '0.00', '50.00', 15, '2022-02-23 23:26:47', '2022-02-23 23:26:47'),
(9, NULL, '50.00', '0.00', '0.00', '50.00', 10, '2022-02-23 23:26:47', '2022-02-23 23:26:47'),
(10, NULL, '50.00', '0.00', '0.00', '50.00', 14, '2022-02-23 23:26:47', '2022-02-23 23:26:47'),
(11, NULL, '50.00', '0.00', '0.00', '50.00', 17, '2022-02-23 23:26:47', '2022-02-23 23:26:47');

-- --------------------------------------------------------

--
-- Table structure for table `permissions`
--

CREATE TABLE `permissions` (
  `id` bigint(20) UNSIGNED NOT NULL,
  `name` varchar(255) COLLATE utf8mb4_unicode_ci NOT NULL,
  `display_name` varchar(255) COLLATE utf8mb4_unicode_ci DEFAULT NULL,
  `description` varchar(255) COLLATE utf8mb4_unicode_ci DEFAULT NULL,
  `created_at` timestamp NULL DEFAULT NULL,
  `updated_at` timestamp NULL DEFAULT NULL
) ENGINE=InnoDB DEFAULT CHARSET=utf8mb4 COLLATE=utf8mb4_unicode_ci;

-- --------------------------------------------------------

--
-- Table structure for table `permission_role`
--

CREATE TABLE `permission_role` (
  `permission_id` bigint(20) UNSIGNED NOT NULL,
  `role_id` bigint(20) UNSIGNED NOT NULL
) ENGINE=InnoDB DEFAULT CHARSET=utf8mb4 COLLATE=utf8mb4_unicode_ci;

-- --------------------------------------------------------

--
-- Table structure for table `permission_user`
--

CREATE TABLE `permission_user` (
  `permission_id` bigint(20) UNSIGNED NOT NULL,
  `user_id` bigint(20) UNSIGNED NOT NULL,
  `user_type` varchar(255) COLLATE utf8mb4_unicode_ci NOT NULL
) ENGINE=InnoDB DEFAULT CHARSET=utf8mb4 COLLATE=utf8mb4_unicode_ci;

-- --------------------------------------------------------

--
-- Table structure for table `personal_access_tokens`
--

CREATE TABLE `personal_access_tokens` (
  `id` bigint(20) UNSIGNED NOT NULL,
  `tokenable_type` varchar(255) COLLATE utf8mb4_unicode_ci NOT NULL,
  `tokenable_id` bigint(20) UNSIGNED NOT NULL,
  `name` varchar(255) COLLATE utf8mb4_unicode_ci NOT NULL,
  `token` varchar(64) COLLATE utf8mb4_unicode_ci NOT NULL,
  `abilities` text COLLATE utf8mb4_unicode_ci,
  `last_used_at` timestamp NULL DEFAULT NULL,
  `created_at` timestamp NULL DEFAULT NULL,
  `updated_at` timestamp NULL DEFAULT NULL
) ENGINE=InnoDB DEFAULT CHARSET=utf8mb4 COLLATE=utf8mb4_unicode_ci;

-- --------------------------------------------------------

--
-- Table structure for table `roles`
--

CREATE TABLE `roles` (
  `id` bigint(20) UNSIGNED NOT NULL,
  `name` varchar(255) COLLATE utf8mb4_unicode_ci NOT NULL,
  `display_name` varchar(255) COLLATE utf8mb4_unicode_ci DEFAULT NULL,
  `description` varchar(255) COLLATE utf8mb4_unicode_ci DEFAULT NULL,
  `created_at` timestamp NULL DEFAULT NULL,
  `updated_at` timestamp NULL DEFAULT NULL
) ENGINE=InnoDB DEFAULT CHARSET=utf8mb4 COLLATE=utf8mb4_unicode_ci;

-- --------------------------------------------------------

--
-- Table structure for table `role_user`
--

CREATE TABLE `role_user` (
  `role_id` bigint(20) UNSIGNED NOT NULL,
  `user_id` bigint(20) UNSIGNED NOT NULL,
  `user_type` varchar(255) COLLATE utf8mb4_unicode_ci NOT NULL
) ENGINE=InnoDB DEFAULT CHARSET=utf8mb4 COLLATE=utf8mb4_unicode_ci;

-- --------------------------------------------------------

--
-- Table structure for table `students`
--

CREATE TABLE `students` (
  `id` bigint(20) UNSIGNED NOT NULL,
  `name` varchar(255) COLLATE utf8mb4_unicode_ci NOT NULL,
  `gender` tinyint(1) NOT NULL,
  `address` varchar(255) COLLATE utf8mb4_unicode_ci DEFAULT NULL,
  `home_phone` varchar(255) COLLATE utf8mb4_unicode_ci DEFAULT NULL,
  `phone` varchar(255) COLLATE utf8mb4_unicode_ci DEFAULT NULL,
  `image` varchar(255) COLLATE utf8mb4_unicode_ci DEFAULT NULL,
  `father_phone` varchar(255) COLLATE utf8mb4_unicode_ci DEFAULT NULL,
  `school` varchar(255) COLLATE utf8mb4_unicode_ci DEFAULT NULL,
  `status` enum('reserve','in','out','fired') COLLATE utf8mb4_unicode_ci NOT NULL,
  `reserve_paid` decimal(8,2) DEFAULT NULL,
  `level_id` bigint(20) UNSIGNED DEFAULT NULL,
  `group_id` bigint(20) UNSIGNED DEFAULT NULL,
  `created_at` timestamp NULL DEFAULT NULL,
  `updated_at` timestamp NULL DEFAULT NULL
) ENGINE=InnoDB DEFAULT CHARSET=utf8mb4 COLLATE=utf8mb4_unicode_ci;

--
-- Dumping data for table `students`
--

INSERT INTO `students` (`id`, `name`, `gender`, `address`, `home_phone`, `phone`, `image`, `father_phone`, `school`, `status`, `reserve_paid`, `level_id`, `group_id`, `created_at`, `updated_at`) VALUES
(3, 'عمار أشرف محمد رمضان', 1, NULL, NULL, NULL, NULL, '01010315623', NULL, 'reserve', '70.00', 1, 1, '2022-02-02 21:00:13', '2022-02-02 21:00:13'),
(4, 'أحمد محمد ممدوح', 1, NULL, NULL, NULL, NULL, '01228175008', NULL, 'reserve', '70.00', 1, 1, '2022-02-02 21:02:38', '2022-02-02 21:02:38'),
(5, 'زياد السيد صقر', 1, NULL, NULL, NULL, NULL, '1000639407', NULL, 'reserve', '70.00', 1, 1, '2022-02-02 21:05:39', '2022-02-02 21:05:39'),
(6, 'رياض خالد ياسين', 1, NULL, NULL, NULL, NULL, '01001796745', NULL, 'reserve', '70.00', 1, 1, '2022-02-02 21:07:28', '2022-02-02 21:07:28'),
(7, 'حنين عبد المنصف', 0, NULL, NULL, NULL, NULL, '01014638194', NULL, 'reserve', '70.00', 1, 1, '2022-02-02 21:08:33', '2022-02-02 21:08:33'),
(8, 'بسمة ياسر محمد', 0, NULL, NULL, NULL, NULL, '01022326727', NULL, 'reserve', '70.00', 1, 1, '2022-02-02 21:09:18', '2022-02-02 21:09:18'),
(9, 'ملك فتح الله علي', 0, NULL, NULL, NULL, NULL, '01022536168', NULL, 'reserve', '70.00', 1, 1, '2022-02-02 21:09:59', '2022-02-02 21:09:59'),
(10, 'نورهان مختار رضا', 0, NULL, NULL, NULL, NULL, '010220322695', NULL, 'reserve', '70.00', 1, 1, '2022-02-02 21:10:56', '2022-02-02 21:10:56'),
(11, 'شروق عماد عادل', 0, NULL, NULL, NULL, NULL, '01094480885', NULL, 'reserve', '0.00', 1, 1, '2022-02-02 21:11:35', '2022-02-02 21:11:35'),
(12, 'ندي وليد حسن', 0, NULL, NULL, NULL, NULL, '01005462516', NULL, 'reserve', '70.00', 1, 1, '2022-02-02 21:12:13', '2022-02-02 21:12:13'),
(13, 'وصال حسام الشناوي', 0, NULL, NULL, NULL, NULL, '01019701168', NULL, 'reserve', '0.00', 1, 1, '2022-02-02 21:12:49', '2022-02-02 21:12:49'),
(14, 'وسام أحمد السيد', 0, NULL, NULL, NULL, NULL, '01011564930', NULL, 'reserve', '70.00', 1, 1, '2022-02-02 21:13:21', '2022-02-02 21:13:21'),
(15, 'هنا محمد ابورية', 0, NULL, NULL, NULL, NULL, '01000203083', NULL, 'reserve', '70.00', 1, 1, '2022-02-02 21:14:16', '2022-02-02 21:14:16'),
(16, 'نورهان عبدالله عفيفي', 0, NULL, NULL, NULL, NULL, '01013399890', NULL, 'reserve', '70.00', 1, 1, '2022-02-02 21:14:46', '2022-02-02 21:14:46'),
(17, 'شيماء عزت علي زكير', 0, NULL, NULL, NULL, NULL, '01028906544', NULL, 'reserve', '0.00', 1, 1, '2022-02-02 21:15:24', '2022-02-02 21:15:24'),
(18, 'ملك معوض السنديوني', 0, NULL, NULL, NULL, NULL, '01016837934', NULL, 'reserve', '0.00', 1, 1, '2022-02-02 21:15:59', '2022-02-02 21:15:59'),
(19, 'منه حمادة عزت', 0, NULL, NULL, NULL, NULL, '01018556565', NULL, 'reserve', '70.00', 1, 1, '2022-02-02 21:17:14', '2022-02-02 21:17:14'),
(20, 'أميرة رضا علي', 0, NULL, NULL, NULL, NULL, '01027245508', NULL, 'reserve', '70.00', 1, 1, '2022-02-02 21:17:44', '2022-02-02 21:17:44'),
(21, 'سلمي أحمد محروس', 0, NULL, NULL, NULL, NULL, '01020418166', NULL, 'reserve', '70.00', 1, 1, '2022-02-02 21:18:17', '2022-02-02 21:18:17'),
(22, 'السعيد ياسر محمد', 1, NULL, NULL, NULL, NULL, '01022326727', NULL, 'reserve', '70.00', 2, 2, '2022-02-02 21:20:31', '2022-02-02 21:20:31'),
(24, 'محمد عبد الشهيد الغنام', 1, NULL, NULL, NULL, NULL, '01023166349', NULL, 'reserve', '0.00', 2, 2, '2022-02-05 14:56:35', '2022-02-05 14:56:35'),
(25, 'جهاد السعيد عبد العال', 1, NULL, NULL, NULL, NULL, NULL, NULL, 'reserve', '70.00', 2, 2, '2022-02-05 14:57:11', '2022-02-05 14:57:11'),
(26, 'أحمد عبدالدايم السواق', 1, NULL, NULL, '01008583066', NULL, NULL, NULL, 'reserve', '70.00', 2, 2, '2022-02-05 14:58:03', '2022-02-05 14:58:03'),
(27, 'شاهر محمد عمر', 1, NULL, NULL, NULL, NULL, '01009888141', NULL, 'reserve', '0.00', 2, 2, '2022-02-05 16:06:16', '2022-02-19 18:19:27'),
(28, 'أحمد سمير الصاوي', 1, NULL, NULL, NULL, NULL, '01014496071', NULL, 'reserve', '70.00', 2, 2, '2022-02-05 16:07:25', '2022-02-05 16:07:25'),
(29, 'حازم عماد فرج', 1, NULL, NULL, NULL, NULL, '01094121785', NULL, 'reserve', '70.00', 2, 2, '2022-02-05 16:08:37', '2022-02-05 16:08:37'),
(30, 'أحمد السيد السنباري', 1, NULL, NULL, NULL, NULL, '01094733671', NULL, 'reserve', '70.00', 2, 2, '2022-02-05 16:11:11', '2022-02-05 16:11:11'),
(31, 'محمد السيد السنباري', 1, NULL, NULL, NULL, NULL, '01094733671', NULL, 'reserve', '70.00', 2, 2, '2022-02-05 16:11:46', '2022-02-05 16:11:46'),
(32, 'بسملة الشحات', 0, NULL, NULL, NULL, NULL, '01016151847', NULL, 'reserve', '70.00', 2, 2, '2022-02-05 16:12:41', '2022-02-05 16:12:41'),
(33, 'شهيرة ممدوح عمر', 0, NULL, NULL, NULL, NULL, '01003326873', NULL, 'reserve', '70.00', 2, 2, '2022-02-05 16:13:46', '2022-02-05 16:13:46'),
(34, 'شيماء ممدوح عمر', 0, NULL, NULL, NULL, NULL, '01003326873', NULL, 'reserve', '70.00', 2, 2, '2022-02-05 16:14:26', '2022-02-05 16:14:26'),
(35, 'حنين وحيد ابو اليزيد', 0, NULL, NULL, NULL, NULL, '01016021303', NULL, 'reserve', '0.00', 2, 2, '2022-02-05 16:15:53', '2022-02-05 16:15:53'),
(36, 'هبة حجازي زكي', 0, NULL, NULL, NULL, NULL, '01552054256', NULL, 'reserve', '70.00', 2, 2, '2022-02-05 16:16:44', '2022-02-05 16:16:44'),
(37, 'يارا ايهاب رمضان', 0, NULL, NULL, NULL, NULL, '01012348701', NULL, 'reserve', '70.00', 2, 2, '2022-02-05 16:17:19', '2022-02-05 16:17:19'),
(38, 'رانيا سامي بدوي', 0, NULL, NULL, NULL, NULL, NULL, NULL, 'reserve', '0.00', 2, 2, '2022-02-05 16:18:02', '2022-02-05 16:18:02'),
(39, 'ندا السيد جادالله', 0, NULL, NULL, NULL, NULL, '01550873084', NULL, 'reserve', '70.00', 2, 2, '2022-02-05 16:18:38', '2022-02-05 16:18:38'),
(40, 'مرام السيد ابو العطا', 0, NULL, NULL, NULL, NULL, '01090120322', NULL, 'reserve', '70.00', 2, 2, '2022-02-05 16:19:16', '2022-02-05 16:19:16'),
(41, 'فاطمة عبد المنصف جادالله', 0, NULL, NULL, NULL, NULL, '01014638194', NULL, 'reserve', '70.00', 2, 2, '2022-02-05 16:20:26', '2022-02-05 16:20:26'),
(42, 'أميرة أحمد السعيد', 0, NULL, NULL, NULL, NULL, '01009303885', NULL, 'reserve', '70.00', 2, 2, '2022-02-05 16:21:14', '2022-02-05 16:21:14'),
(43, 'أسماء عرندس ياسين', 0, NULL, NULL, NULL, NULL, '01113684330', NULL, 'reserve', '70.00', 2, 2, '2022-02-05 16:22:16', '2022-02-05 16:22:16'),
(44, 'شروق خيري غنيم', 0, NULL, NULL, NULL, NULL, '01091962392', NULL, 'reserve', '70.00', 2, 2, '2022-02-05 16:23:14', '2022-02-05 16:23:14'),
(45, 'مرام السعيد الصعيدي', 0, NULL, NULL, NULL, NULL, '01006970909', NULL, 'reserve', '0.00', 2, 2, '2022-02-05 16:23:39', '2022-02-05 16:23:39'),
(46, 'ياسمين عماد الغنام', 0, NULL, NULL, NULL, NULL, '01029972785', NULL, 'reserve', '0.00', 2, 2, '2022-02-05 16:24:11', '2022-02-05 16:24:11'),
(47, 'روان وائل البسيوني', 0, NULL, NULL, NULL, NULL, '01099093044', NULL, 'reserve', '70.00', 2, 2, '2022-02-05 16:24:57', '2022-02-05 16:24:57'),
(48, 'نوراي سامح يوسف', 0, NULL, NULL, NULL, NULL, '01148815992', NULL, 'reserve', '70.00', 2, 2, '2022-02-05 16:25:58', '2022-02-19 18:15:21'),
(49, 'أميرة خطاب أحمد', 0, NULL, NULL, NULL, NULL, '01090962025', NULL, 'reserve', '70.00', 2, 2, '2022-02-05 16:27:07', '2022-02-05 16:27:07'),
(50, 'حنين محمد فؤاد', 0, NULL, NULL, NULL, NULL, '01064619930', NULL, 'reserve', '0.00', 2, 2, '2022-02-05 16:27:48', '2022-02-19 18:15:51'),
(51, 'أسماء السيد البطاط', 0, NULL, NULL, NULL, NULL, '01024508316', NULL, 'reserve', '0.00', 5, 7, '2022-02-05 20:46:23', '2022-02-19 18:22:50'),
(52, 'جيهان السعيد عبدالعال', 0, NULL, NULL, NULL, NULL, '01068382023', NULL, 'reserve', '100.00', 6, 8, '2022-02-06 21:00:44', '2022-02-13 20:19:56'),
(53, 'ليلي محمود صلاح', 0, NULL, NULL, NULL, NULL, '01154542058', NULL, 'reserve', '0.00', 6, 8, '2022-02-06 21:01:25', '2022-02-19 18:21:23'),
(54, 'عمر محمد مصباح', 1, NULL, NULL, NULL, NULL, '01019996656', NULL, 'reserve', '0.00', 1, 1, '2022-02-06 23:18:04', '2022-02-06 23:18:04'),
(55, 'نورهان السعيد مختار', 0, NULL, NULL, NULL, NULL, NULL, NULL, 'reserve', '0.00', 1, 1, '2022-02-06 23:18:39', '2022-02-06 23:18:39'),
(56, 'اسلام حمادة ابراهيم', 1, NULL, NULL, NULL, NULL, '0102551635', NULL, 'reserve', '0.00', 1, 1, '2022-02-06 23:35:25', '2022-02-06 23:35:25'),
(57, 'أحمد علي عبدالوهاب', 1, NULL, NULL, NULL, NULL, '01013058460', NULL, 'reserve', '0.00', 1, 1, '2022-02-06 23:36:25', '2022-02-06 23:36:25'),
(59, 'محمد مؤمن السواق', 1, NULL, NULL, NULL, NULL, '01062742220', NULL, 'reserve', '0.00', 4, 5, '2022-02-07 17:01:28', '2022-02-07 17:01:28'),
(60, 'أحمد البتانوني السيد', 1, NULL, NULL, NULL, NULL, '01069883042', NULL, 'reserve', '0.00', 4, 5, '2022-02-07 17:04:37', '2022-02-07 17:04:37'),
(61, 'عبدالرحمن مسعد خيشة', 1, NULL, NULL, NULL, NULL, '01006375313', NULL, 'reserve', '0.00', 4, 5, '2022-02-07 17:05:21', '2022-02-07 17:05:21'),
(62, 'علي أشرف الشعراوي', 1, NULL, NULL, NULL, NULL, '01013046092', NULL, 'reserve', '0.00', 4, 5, '2022-02-07 17:06:24', '2022-02-07 17:06:24'),
(63, 'أحمد عبدالله عنتر', 1, NULL, NULL, NULL, NULL, '01004302604', NULL, 'reserve', '0.00', 4, 5, '2022-02-07 17:07:45', '2022-02-07 17:07:45'),
(65, 'ليلي خالد اسماعيل', 0, NULL, NULL, NULL, NULL, '01004319092', NULL, 'reserve', '100.00', 4, 5, '2022-02-07 17:10:12', '2022-02-07 17:10:12'),
(66, 'اسماء ابرهيم طه', 0, NULL, NULL, NULL, NULL, '01067071642', NULL, 'reserve', '0.00', 4, 5, '2022-02-07 17:11:19', '2022-02-07 17:11:19'),
(67, 'منه عبد الدايم', 0, NULL, NULL, NULL, NULL, '01008583066', NULL, 'reserve', '0.00', 4, 5, '2022-02-07 17:11:56', '2022-02-07 17:11:56'),
(68, 'سارة عبد العزيز السواق', 0, NULL, NULL, NULL, NULL, '01145187335', NULL, 'reserve', '0.00', 4, 5, '2022-02-07 17:13:05', '2022-02-07 17:13:05'),
(69, 'حبيبة ممدوح خزعل', 0, NULL, NULL, NULL, NULL, '01094604427', NULL, 'reserve', '0.00', 4, 5, '2022-02-07 17:14:03', '2022-02-07 17:14:03'),
(70, 'روان أحمد عبدربة', 0, NULL, NULL, NULL, NULL, '01019100402', NULL, 'reserve', '0.00', 4, 5, '2022-02-07 17:14:48', '2022-02-07 17:14:48'),
(73, 'ليلي عبدالرحمن عبد الكريم', 0, NULL, NULL, NULL, NULL, '01013464707', NULL, 'reserve', '0.00', 6, 8, '2022-02-08 20:23:32', '2022-02-19 18:23:37'),
(74, 'نرمين حمادة المغازي', 0, NULL, NULL, NULL, NULL, '01005351328', NULL, 'reserve', '0.00', 6, 8, '2022-02-08 20:24:07', '2022-02-19 18:20:43'),
(75, 'محمد سامح منير', 1, NULL, NULL, NULL, NULL, '01009414093', NULL, 'reserve', '0.00', 3, 3, '2022-02-08 22:14:28', '2022-02-08 22:14:28'),
(76, 'السيد رضا السيد', 1, NULL, NULL, NULL, NULL, '01141624233', NULL, 'reserve', '0.00', 3, 3, '2022-02-08 22:16:28', '2022-02-08 22:16:28'),
(77, 'ياسمين محمد خميس', 0, NULL, NULL, NULL, NULL, '01004715651', NULL, 'reserve', '0.00', 3, 3, '2022-02-08 22:16:59', '2022-02-20 23:34:05'),
(78, 'أية عزت خميس', 0, NULL, NULL, '0', NULL, '01020443557', NULL, 'reserve', '0.00', 3, NULL, '2022-02-08 22:18:01', '2022-02-22 23:43:42'),
(79, 'جنة محمد فؤاد', 0, NULL, NULL, NULL, NULL, '01064619930', NULL, 'reserve', '0.00', 3, 3, '2022-02-08 22:18:53', '2022-02-08 22:18:53'),
(80, 'خلود ممدوح خزعل', 0, NULL, NULL, NULL, NULL, '01094604427', NULL, 'reserve', '0.00', 3, 3, '2022-02-08 22:19:28', '2022-02-08 22:19:28'),
(81, 'نرمين حماد عمر', 0, NULL, NULL, NULL, NULL, '01021745165', NULL, 'reserve', '100.00', 3, 3, '2022-02-08 22:20:03', '2022-02-19 18:20:13'),
(82, 'سامي عبدالرحمن عبدالكريم', 1, NULL, NULL, NULL, NULL, '01013464707', NULL, 'reserve', '0.00', 3, NULL, '2022-02-08 22:20:38', '2022-02-22 22:22:35'),
(83, 'احمد محمد عبد الغفار', 1, NULL, NULL, NULL, NULL, '010919168090', NULL, 'reserve', '0.00', 2, 2, '2022-02-09 17:21:58', '2022-02-09 17:21:58'),
(85, 'عبد الله أحمد شاهين', 0, NULL, NULL, NULL, NULL, '01016285453', NULL, 'reserve', '70.00', 2, 2, '2022-02-09 17:27:49', '2022-02-09 17:27:49'),
(86, 'محمد عبد الهادي الجندي', 1, NULL, NULL, NULL, NULL, NULL, NULL, 'reserve', '0.00', 1, 1, '2022-02-09 23:27:50', '2022-02-09 23:27:50'),
(87, 'ريم سعد عرندس', 0, NULL, NULL, NULL, NULL, '01060022171', NULL, 'reserve', '100.00', 4, 5, '2022-02-10 17:17:09', '2022-02-10 17:17:09'),
(88, 'منة حسن زكري', 0, NULL, NULL, NULL, NULL, '01026037067', NULL, 'reserve', '0.00', 4, 5, '2022-02-10 17:19:20', '2022-02-10 17:19:20'),
(89, 'حاتم محمد داود', 1, NULL, NULL, NULL, NULL, '01097088944', NULL, 'reserve', '0.00', 4, 5, '2022-02-10 17:19:54', '2022-02-10 17:19:54'),
(90, 'عمرو جمعه عبدالحليم', 1, NULL, NULL, NULL, NULL, '01025328829', NULL, 'reserve', '0.00', 3, 3, '2022-02-12 22:33:52', '2022-02-12 22:33:52'),
(91, 'عمار هاني خميس', 1, NULL, NULL, NULL, NULL, '01002393235', NULL, 'reserve', '0.00', 3, 3, '2022-02-12 22:47:12', '2022-02-12 22:47:12'),
(92, 'ياسمين أحمد داود', 0, NULL, NULL, NULL, NULL, '01062414248', NULL, 'reserve', '0.00', 6, 8, '2022-02-13 20:04:57', '2022-02-13 20:04:57'),
(93, 'منار وليد غنيم', 1, NULL, NULL, NULL, NULL, '01066648755', NULL, 'reserve', '0.00', 1, 1, '2022-02-13 23:34:32', '2022-02-13 23:34:32'),
(94, 'محمد عماد عبدالشهيد', 1, NULL, NULL, NULL, NULL, '010299772785', NULL, 'reserve', '0.00', 4, 5, '2022-02-14 16:50:34', '2022-02-14 16:50:34'),
(95, 'أحمد زين', 1, NULL, NULL, NULL, NULL, '01068385928', NULL, 'reserve', '0.00', 4, 5, '2022-02-14 16:51:28', '2022-02-14 16:51:28'),
(96, 'خالد هنداوي عاطف', 1, NULL, NULL, NULL, NULL, '01141335401', NULL, 'reserve', '0.00', 4, 5, '2022-02-14 16:52:09', '2022-02-14 16:52:09'),
(97, 'اروي جمال يوسف', 1, NULL, NULL, NULL, NULL, '01003643146', NULL, 'reserve', '0.00', 4, 5, '2022-02-14 16:53:04', '2022-02-14 16:53:04'),
(98, 'ندي عيد أحمد', 0, NULL, NULL, NULL, NULL, '0106469053', NULL, 'reserve', '0.00', 4, 5, '2022-02-14 16:53:48', '2022-02-18 19:05:17'),
(99, 'ياسر الكشيدي', 1, NULL, NULL, NULL, NULL, '01022482386', NULL, 'reserve', '70.00', 1, 1, '2022-02-16 23:15:22', '2022-02-16 23:15:22'),
(100, 'نورها رضا بسيوني', 0, NULL, NULL, NULL, NULL, '01061351238', NULL, 'reserve', '100.00', 4, 5, '2022-02-18 18:49:00', '2022-02-18 19:04:21'),
(101, 'رمضان فوزي السقا', 1, NULL, NULL, NULL, NULL, '01110340934', NULL, 'reserve', '0.00', 4, NULL, '2022-02-18 18:57:26', '2022-02-21 17:29:39'),
(102, 'نورهان محروس', 0, NULL, NULL, NULL, NULL, '01097843567', NULL, 'reserve', '0.00', 4, 5, '2022-02-21 17:03:31', '2022-02-21 17:06:44'),
(103, 'عبدالعظيم أحمد', 1, NULL, NULL, NULL, NULL, '01010393350', NULL, 'reserve', '0.00', 5, 7, '2022-02-22 20:22:39', '2022-02-22 20:22:39'),
(104, 'عبداله وجيه', 1, 'كفرالشيخ', '01010530104', NULL, NULL, '01128316398', 'أريمون الاعدادية', 'reserve', '70.00', 3, 3, '2022-02-22 22:12:48', '2022-02-22 22:12:48'),
(105, 'عمر ايمن ابراهيم', 1, 'كفرالشيخ', '01010530104', NULL, NULL, '01028116178', 'أريمون الاعدادية', 'reserve', '0.00', 3, 3, '2022-02-22 22:14:52', '2022-02-22 22:14:52');

-- --------------------------------------------------------

--
-- Table structure for table `times`
--

CREATE TABLE `times` (
  `id` bigint(20) UNSIGNED NOT NULL,
  `sat` time NOT NULL DEFAULT '00:00:00',
  `sun` time NOT NULL DEFAULT '00:00:00',
  `mon` time NOT NULL DEFAULT '00:00:00',
  `tus` time NOT NULL DEFAULT '00:00:00',
  `wed` time NOT NULL DEFAULT '00:00:00',
  `thu` time NOT NULL DEFAULT '00:00:00',
  `fri` time NOT NULL DEFAULT '00:00:00',
  `created_at` timestamp NULL DEFAULT NULL,
  `updated_at` timestamp NULL DEFAULT NULL
) ENGINE=InnoDB DEFAULT CHARSET=utf8mb4 COLLATE=utf8mb4_unicode_ci;

--
-- Dumping data for table `times`
--

INSERT INTO `times` (`id`, `sat`, `sun`, `mon`, `tus`, `wed`, `thu`, `fri`, `created_at`, `updated_at`) VALUES
(1, '00:00:00', '17:00:00', '00:00:00', '00:00:00', '17:00:00', '00:00:00', '00:00:00', '2022-02-01 23:26:36', '2022-02-01 23:26:36'),
(2, '16:30:00', '00:00:00', '00:00:00', '16:30:00', '00:00:00', '00:00:00', '00:00:00', '2022-02-02 00:18:08', '2022-02-02 00:18:08'),
(4, '12:00:00', '00:00:00', '00:00:00', '00:00:00', '11:00:00', '00:00:00', '00:00:00', '2022-02-02 00:18:43', '2022-02-02 00:18:43'),
(5, '00:00:00', '00:00:00', '11:00:00', '00:00:00', '00:00:00', '11:00:00', '00:00:00', '2022-02-02 00:21:00', '2022-02-02 00:21:00'),
(8, '14:00:00', '14:00:00', '00:00:00', '14:00:00', '14:00:00', '00:00:00', '00:00:00', '2022-02-08 20:29:54', '2022-02-12 21:18:57'),
(9, '00:00:00', '14:00:00', '00:00:00', '00:00:00', '14:00:00', '00:00:00', '00:00:00', '2022-02-12 21:21:59', '2022-02-12 21:21:59');

-- --------------------------------------------------------

--
-- Table structure for table `users`
--

CREATE TABLE `users` (
  `id` bigint(20) UNSIGNED NOT NULL,
  `name` varchar(255) COLLATE utf8mb4_unicode_ci NOT NULL,
  `email` varchar(255) COLLATE utf8mb4_unicode_ci NOT NULL,
  `email_verified_at` timestamp NULL DEFAULT NULL,
  `password` varchar(255) COLLATE utf8mb4_unicode_ci NOT NULL,
  `remember_token` varchar(100) COLLATE utf8mb4_unicode_ci DEFAULT NULL,
  `created_at` timestamp NULL DEFAULT NULL,
  `updated_at` timestamp NULL DEFAULT NULL
) ENGINE=InnoDB DEFAULT CHARSET=utf8mb4 COLLATE=utf8mb4_unicode_ci;

--
-- Indexes for dumped tables
--

--
-- Indexes for table `attendances`
--
ALTER TABLE `attendances`
  ADD PRIMARY KEY (`id`),
  ADD KEY `attendances_student_id_foreign` (`student_id`);

--
-- Indexes for table `exams`
--
ALTER TABLE `exams`
  ADD PRIMARY KEY (`id`),
  ADD KEY `exams_level_id_foreign` (`level_id`),
  ADD KEY `exams_group_id_foreign` (`group_id`);

--
-- Indexes for table `exam_attindances`
--
ALTER TABLE `exam_attindances`
  ADD PRIMARY KEY (`id`),
  ADD KEY `exam_attindances_student_id_foreign` (`student_id`),
  ADD KEY `exam_attindances_exam_id_foreign` (`exam_id`);

--
-- Indexes for table `expences`
--
ALTER TABLE `expences`
  ADD PRIMARY KEY (`id`);

--
-- Indexes for table `failed_jobs`
--
ALTER TABLE `failed_jobs`
  ADD PRIMARY KEY (`id`),
  ADD UNIQUE KEY `failed_jobs_uuid_unique` (`uuid`);

--
-- Indexes for table `groups`
--
ALTER TABLE `groups`
  ADD PRIMARY KEY (`id`),
  ADD UNIQUE KEY `groups_time_id_unique` (`time_id`),
  ADD KEY `groups_level_id_foreign` (`level_id`);

--
-- Indexes for table `homework`
--
ALTER TABLE `homework`
  ADD PRIMARY KEY (`id`),
  ADD KEY `homework_level_id_foreign` (`level_id`),
  ADD KEY `homework_group_id_foreign` (`group_id`);

--
-- Indexes for table `homework_solutions`
--
ALTER TABLE `homework_solutions`
  ADD PRIMARY KEY (`id`),
  ADD KEY `homework_solutions_student_id_foreign` (`student_id`),
  ADD KEY `homework_solutions_homework_id_foreign` (`homework_id`);

--
-- Indexes for table `levels`
--
ALTER TABLE `levels`
  ADD PRIMARY KEY (`id`);

--
-- Indexes for table `migrations`
--
ALTER TABLE `migrations`
  ADD PRIMARY KEY (`id`);

--
-- Indexes for table `months`
--
ALTER TABLE `months`
  ADD PRIMARY KEY (`id`);

--
-- Indexes for table `notes`
--
ALTER TABLE `notes`
  ADD PRIMARY KEY (`id`),
  ADD KEY `notes_student_id_foreign` (`student_id`);

--
-- Indexes for table `password_resets`
--
ALTER TABLE `password_resets`
  ADD KEY `password_resets_email_index` (`email`);

--
-- Indexes for table `payments`
--
ALTER TABLE `payments`
  ADD PRIMARY KEY (`id`),
  ADD KEY `payments_student_id_foreign` (`student_id`),
  ADD KEY `month_id` (`month_id`);

--
-- Indexes for table `permissions`
--
ALTER TABLE `permissions`
  ADD PRIMARY KEY (`id`),
  ADD UNIQUE KEY `permissions_name_unique` (`name`);

--
-- Indexes for table `permission_role`
--
ALTER TABLE `permission_role`
  ADD PRIMARY KEY (`permission_id`,`role_id`),
  ADD KEY `permission_role_role_id_foreign` (`role_id`);

--
-- Indexes for table `permission_user`
--
ALTER TABLE `permission_user`
  ADD PRIMARY KEY (`user_id`,`permission_id`,`user_type`),
  ADD KEY `permission_user_permission_id_foreign` (`permission_id`);

--
-- Indexes for table `personal_access_tokens`
--
ALTER TABLE `personal_access_tokens`
  ADD PRIMARY KEY (`id`),
  ADD UNIQUE KEY `personal_access_tokens_token_unique` (`token`),
  ADD KEY `personal_access_tokens_tokenable_type_tokenable_id_index` (`tokenable_type`,`tokenable_id`);

--
-- Indexes for table `roles`
--
ALTER TABLE `roles`
  ADD PRIMARY KEY (`id`),
  ADD UNIQUE KEY `roles_name_unique` (`name`);

--
-- Indexes for table `role_user`
--
ALTER TABLE `role_user`
  ADD PRIMARY KEY (`user_id`,`role_id`,`user_type`),
  ADD KEY `role_user_role_id_foreign` (`role_id`);

--
-- Indexes for table `students`
--
ALTER TABLE `students`
  ADD PRIMARY KEY (`id`),
  ADD KEY `students_level_id_foreign` (`level_id`),
  ADD KEY `students_group_id_foreign` (`group_id`);

--
-- Indexes for table `times`
--
ALTER TABLE `times`
  ADD PRIMARY KEY (`id`);

--
-- Indexes for table `users`
--
ALTER TABLE `users`
  ADD PRIMARY KEY (`id`),
  ADD UNIQUE KEY `users_email_unique` (`email`);

--
-- AUTO_INCREMENT for dumped tables
--

--
-- AUTO_INCREMENT for table `attendances`
--
ALTER TABLE `attendances`
  MODIFY `id` bigint(20) UNSIGNED NOT NULL AUTO_INCREMENT, AUTO_INCREMENT=728;

--
-- AUTO_INCREMENT for table `exams`
--
ALTER TABLE `exams`
  MODIFY `id` bigint(20) UNSIGNED NOT NULL AUTO_INCREMENT, AUTO_INCREMENT=6;

--
-- AUTO_INCREMENT for table `exam_attindances`
--
ALTER TABLE `exam_attindances`
  MODIFY `id` bigint(20) UNSIGNED NOT NULL AUTO_INCREMENT, AUTO_INCREMENT=76;

--
-- AUTO_INCREMENT for table `expences`
--
ALTER TABLE `expences`
  MODIFY `id` bigint(20) UNSIGNED NOT NULL AUTO_INCREMENT;

--
-- AUTO_INCREMENT for table `failed_jobs`
--
ALTER TABLE `failed_jobs`
  MODIFY `id` bigint(20) UNSIGNED NOT NULL AUTO_INCREMENT;

--
-- AUTO_INCREMENT for table `groups`
--
ALTER TABLE `groups`
  MODIFY `id` bigint(20) UNSIGNED NOT NULL AUTO_INCREMENT, AUTO_INCREMENT=9;

--
-- AUTO_INCREMENT for table `homework`
--
ALTER TABLE `homework`
  MODIFY `id` bigint(20) UNSIGNED NOT NULL AUTO_INCREMENT, AUTO_INCREMENT=11;

--
-- AUTO_INCREMENT for table `homework_solutions`
--
ALTER TABLE `homework_solutions`
  MODIFY `id` bigint(20) UNSIGNED NOT NULL AUTO_INCREMENT, AUTO_INCREMENT=250;

--
-- AUTO_INCREMENT for table `levels`
--
ALTER TABLE `levels`
  MODIFY `id` bigint(20) UNSIGNED NOT NULL AUTO_INCREMENT, AUTO_INCREMENT=7;

--
-- AUTO_INCREMENT for table `migrations`
--
ALTER TABLE `migrations`
  MODIFY `id` int(10) UNSIGNED NOT NULL AUTO_INCREMENT, AUTO_INCREMENT=18;

--
-- AUTO_INCREMENT for table `months`
--
ALTER TABLE `months`
  MODIFY `id` bigint(20) UNSIGNED NOT NULL AUTO_INCREMENT;

--
-- AUTO_INCREMENT for table `notes`
--
ALTER TABLE `notes`
  MODIFY `id` bigint(20) UNSIGNED NOT NULL AUTO_INCREMENT, AUTO_INCREMENT=3;

--
-- AUTO_INCREMENT for table `payments`
--
ALTER TABLE `payments`
  MODIFY `id` bigint(20) UNSIGNED NOT NULL AUTO_INCREMENT, AUTO_INCREMENT=12;

--
-- AUTO_INCREMENT for table `permissions`
--
ALTER TABLE `permissions`
  MODIFY `id` bigint(20) UNSIGNED NOT NULL AUTO_INCREMENT;

--
-- AUTO_INCREMENT for table `personal_access_tokens`
--
ALTER TABLE `personal_access_tokens`
  MODIFY `id` bigint(20) UNSIGNED NOT NULL AUTO_INCREMENT;

--
-- AUTO_INCREMENT for table `roles`
--
ALTER TABLE `roles`
  MODIFY `id` bigint(20) UNSIGNED NOT NULL AUTO_INCREMENT;

--
-- AUTO_INCREMENT for table `students`
--
ALTER TABLE `students`
  MODIFY `id` bigint(20) UNSIGNED NOT NULL AUTO_INCREMENT, AUTO_INCREMENT=106;

--
-- AUTO_INCREMENT for table `times`
--
ALTER TABLE `times`
  MODIFY `id` bigint(20) UNSIGNED NOT NULL AUTO_INCREMENT, AUTO_INCREMENT=10;

--
-- AUTO_INCREMENT for table `users`
--
ALTER TABLE `users`
  MODIFY `id` bigint(20) UNSIGNED NOT NULL AUTO_INCREMENT;

--
-- Constraints for dumped tables
--

--
-- Constraints for table `attendances`
--
ALTER TABLE `attendances`
  ADD CONSTRAINT `attendances_student_id_foreign` FOREIGN KEY (`student_id`) REFERENCES `students` (`id`) ON DELETE SET NULL;

--
-- Constraints for table `exams`
--
ALTER TABLE `exams`
  ADD CONSTRAINT `exams_group_id_foreign` FOREIGN KEY (`group_id`) REFERENCES `groups` (`id`) ON DELETE SET NULL,
  ADD CONSTRAINT `exams_level_id_foreign` FOREIGN KEY (`level_id`) REFERENCES `levels` (`id`) ON DELETE SET NULL;

--
-- Constraints for table `exam_attindances`
--
ALTER TABLE `exam_attindances`
  ADD CONSTRAINT `exam_attindances_exam_id_foreign` FOREIGN KEY (`exam_id`) REFERENCES `exams` (`id`) ON DELETE SET NULL,
  ADD CONSTRAINT `exam_attindances_student_id_foreign` FOREIGN KEY (`student_id`) REFERENCES `students` (`id`) ON DELETE SET NULL;

--
-- Constraints for table `groups`
--
ALTER TABLE `groups`
  ADD CONSTRAINT `groups_level_id_foreign` FOREIGN KEY (`level_id`) REFERENCES `levels` (`id`) ON DELETE SET NULL,
  ADD CONSTRAINT `groups_time_id_foreign` FOREIGN KEY (`time_id`) REFERENCES `times` (`id`) ON DELETE SET NULL;

--
-- Constraints for table `homework`
--
ALTER TABLE `homework`
  ADD CONSTRAINT `homework_group_id_foreign` FOREIGN KEY (`group_id`) REFERENCES `groups` (`id`) ON DELETE SET NULL,
  ADD CONSTRAINT `homework_level_id_foreign` FOREIGN KEY (`level_id`) REFERENCES `levels` (`id`) ON DELETE SET NULL;

--
-- Constraints for table `homework_solutions`
--
ALTER TABLE `homework_solutions`
  ADD CONSTRAINT `homework_solutions_homework_id_foreign` FOREIGN KEY (`homework_id`) REFERENCES `homework` (`id`) ON DELETE SET NULL,
  ADD CONSTRAINT `homework_solutions_student_id_foreign` FOREIGN KEY (`student_id`) REFERENCES `students` (`id`) ON DELETE SET NULL;

--
-- Constraints for table `notes`
--
ALTER TABLE `notes`
  ADD CONSTRAINT `notes_student_id_foreign` FOREIGN KEY (`student_id`) REFERENCES `students` (`id`) ON DELETE SET NULL;

--
-- Constraints for table `payments`
--
ALTER TABLE `payments`
  ADD CONSTRAINT `payments_ibfk_1` FOREIGN KEY (`month_id`) REFERENCES `months` (`id`) ON DELETE SET NULL,
  ADD CONSTRAINT `payments_student_id_foreign` FOREIGN KEY (`student_id`) REFERENCES `students` (`id`) ON DELETE SET NULL;

--
-- Constraints for table `permission_role`
--
ALTER TABLE `permission_role`
  ADD CONSTRAINT `permission_role_permission_id_foreign` FOREIGN KEY (`permission_id`) REFERENCES `permissions` (`id`) ON DELETE CASCADE ON UPDATE CASCADE,
  ADD CONSTRAINT `permission_role_role_id_foreign` FOREIGN KEY (`role_id`) REFERENCES `roles` (`id`) ON DELETE CASCADE ON UPDATE CASCADE;

--
-- Constraints for table `permission_user`
--
ALTER TABLE `permission_user`
  ADD CONSTRAINT `permission_user_permission_id_foreign` FOREIGN KEY (`permission_id`) REFERENCES `permissions` (`id`) ON DELETE CASCADE ON UPDATE CASCADE;

--
-- Constraints for table `role_user`
--
ALTER TABLE `role_user`
  ADD CONSTRAINT `role_user_role_id_foreign` FOREIGN KEY (`role_id`) REFERENCES `roles` (`id`) ON DELETE CASCADE ON UPDATE CASCADE;

--
-- Constraints for table `students`
--
ALTER TABLE `students`
  ADD CONSTRAINT `students_group_id_foreign` FOREIGN KEY (`group_id`) REFERENCES `groups` (`id`) ON DELETE SET NULL,
  ADD CONSTRAINT `students_level_id_foreign` FOREIGN KEY (`level_id`) REFERENCES `levels` (`id`) ON DELETE SET NULL;
COMMIT;

/*!40101 SET CHARACTER_SET_CLIENT=@OLD_CHARACTER_SET_CLIENT */;
/*!40101 SET CHARACTER_SET_RESULTS=@OLD_CHARACTER_SET_RESULTS */;
/*!40101 SET COLLATION_CONNECTION=@OLD_COLLATION_CONNECTION */;
